"","exposure_year","acee_2010","acee_2014","acee_2016","acee_2018","acee_2020","wtd_pop_size","iter"
"1",2005,0.00987611618206558,0.0085223434202672,0.0165567112995231,0.00656180134156947,0.0167470194984061,69943.7800355481,1
"2",2005,-0.0139639692212564,-0.00668469265362226,0.000545461195654628,0.00271759479997702,0.00934048790758907,110152.118496773,2
"3",2005,0.0229733803120264,0.0202734135706474,0.02856882875718,0.0104416002732901,0.00772018822863374,81253.4474994897,3
"4",2005,-0.00969385569072789,-0.0223740310867598,-0.0285216025475392,-0.042791053344181,-0.0246763496448758,40710.965670025,4
"5",2005,0.00365226696196524,-0.019639036080138,-0.0194332869539441,-0.0155399001614526,0.00221562343606752,113011.728471895,5
"6",2005,0.0102704756149467,0.00218148676622254,0.0135470591582652,0.014678014281606,0.0100802315853676,68836.3186122399,6
"7",2005,0.0133015505212832,0.010703669454416,-0.000878616587993708,0.00734321731451859,0.0162708744040817,93395.6687171662,7
"8",2005,-0.0177763556887083,-0.0156417320452793,-0.0139110092527286,0.00853354385034821,0.00753054000364284,107552.849497656,8
"9",2005,0.0150783948956488,0.0135026230295024,0.0219730231751383,0.0449650741159353,0.0467172151799806,78975.5653428685,9
"10",2005,-0.00977626053749714,-0.0108036260587664,-0.0102134018025346,-0.00793205238191819,0.000625064237587458,76089.5660749511,10
"11",2005,0.000542598629044599,0.00897000357325095,0.00280553527819161,0.00187848801627488,-0.00592174946097163,62796.0999690033,11
"12",2005,0.0069337569617201,0.0278128354771792,0.0112065503549112,-0.000201724985147089,0.00161379390034244,94265.4102475619,12
"13",2005,0.011683491731923,0.0058789033520299,-0.00931523656849226,-0.0154094017570229,-0.00188558603310757,79845.929781127,13
"14",2005,0.0231802978687121,0.0219584137329121,0.0402082662704062,0.0387062130456488,0.0280522763515592,75347.2362471622,14
"15",2005,-0.00888536567214471,-0.0150922696449098,-0.00758289020920289,-0.00476149474042614,0.00472510295307327,83719.2286473324,15
"16",2005,0.00827849153450105,-0.00559401695281159,-0.00253300651225552,0.00912135556517768,0.000177722974815553,78492.0828902523,16
"17",2005,-0.000578868658381082,-0.00470185176993465,0.008146541566382,-0.00537503482842067,-0.0110361480997844,93444.0650992116,17
"18",2005,-0.00964521802029333,-0.0214588909906416,-0.0126576220343731,-0.020995742784937,-0.0139681212270101,63072.5845698932,18
"19",2005,-0.00663229480417676,-0.00247215300159709,0.0102316660660559,0.00610477358046296,0.00906893657359553,62779.4263358287,19
"20",2005,-0.000720993717805984,-0.0181326056158143,-0.0130284327454788,-0.013007535059386,-0.00868860566593394,47796.6566852872,20
"21",2005,-0.0037446063589357,-0.0137673421780937,-0.012865983929943,-0.0269584512429463,-0.0192749691639034,102155.090491895,21
"22",2005,0.0126184848923044,0.0124051100423611,0.0164692756541496,0.0204107770360492,-0.0123999222561239,74720.2903054249,22
"23",2005,0.0193518867462906,0.00341519057842882,0.00208970050417062,0.0151812227543696,0.0336353672272196,71397.8809186614,23
"24",2005,0.00454791572100482,-0.00509209309265329,-0.000733258114946733,-0.00869762629147303,0.00850647719183883,68323.8338682714,24
"25",2005,0.0233800013674021,0.0113156385096007,0.0175147078959406,0.0230052936929447,0.0207330838317134,108843.509392668,25
"26",2005,-0.000836329933877833,0.000362790030994042,0.00618738789984363,0.00349252124982324,0.0219529362750519,90808.5810000662,26
"27",2005,-0.011887144170044,-0.00370745488252744,-0.00118597580320223,0.00764415871461471,0.0123842901579228,57864.5330079807,27
"28",2005,-0.0157053299515747,-0.0253109117236514,-0.0179353988237987,-0.010474294669451,-0.00832385471841607,79292.2184635686,28
"29",2005,0.0099441834933473,0.00538276196435794,0.00710326086330298,0.00951906021340698,0.0131829992795728,112307.385695488,29
"30",2005,-0.00117419084364162,-0.00950884652520018,0.00320111983473198,0.00496517997258233,0.0260223895631126,64823.3202868373,30
"31",2005,-0.00358926771293006,-0.0222183561583695,-0.000740850392976056,-0.00610354589242557,0.00528246026121609,99143.2972292674,31
"32",2005,-0.0116105896022752,-0.0080070992029922,0.0103825672700814,0.025055513654989,0.0202895692339297,71326.5377821477,32
"33",2005,-0.00549767445571869,0.0105855490838158,-0.000373430383513174,0.000294873346569802,-0.0238324577454839,80904.8310446716,33
"34",2005,-0.00267397114878631,0.00787569154473411,-0.00582962514291824,-0.0199328484720716,-0.0214438683795005,37344.7176204623,34
"35",2005,0.00438606275874054,-0.0100867869854572,-0.0089964389453619,-0.0145616294944517,-0.00176353862769912,74532.4028034587,35
"36",2005,0.00467817465544734,-0.00328572205915156,-0.0141600155698168,-0.00130757714984187,0.0126265814914324,109992.315159008,36
"37",2005,-0.0230499019958103,-0.0243545102228532,-0.0255745216296737,-0.0261356826993454,0.00326216239924321,60453.0588181811,37
"38",2005,0.00180707057451912,-0.0210875758982128,-0.0193450137202698,-0.0034952629922817,0.00291648365079472,84360.4487508892,38
"39",2005,0.0036250374351528,0.00438087624671341,0.0177385932467258,0.0147991273531652,0.0279016953062803,64330.2716036411,39
"40",2005,-0.0143879057098708,-0.0116309270680359,-0.0126938016605375,-0.0171020019357506,0.00819101553854334,83922.103181416,40
"41",2005,-0.0182941784470815,-0.0220669724927975,-0.0138196846690029,-0.00900532974237034,-0.00317834438812231,112880.579398933,41
"42",2005,0.012427105658882,-0.00135770838677357,0.0103311755528862,-0.00363593363560344,-0.0150131262252816,54729.1307031344,42
"43",2005,0.00867647133098426,0.0112536875682797,0.0119510206114314,0.0260682568244884,0.0168914798534563,82504.40299362,43
"44",2005,0.00351809908757383,-0.00807782595481826,0.000580366792498399,-0.00602226749550183,0.0136733800276753,51156.3886951076,44
"45",2005,-0.0122562324538297,-0.00545216665394727,-0.00598283375831882,-0.0176360903670136,-0.00528123873528186,64118.3063654216,45
"46",2005,0.0285873016874597,0.0239016036820681,0.0128640366871147,0.00427555071774693,-0.00093804154064564,109437.145049248,46
"47",2005,-0.00843212030355067,-0.00937990122866417,-0.0143814124306632,-0.0199489893839147,-0.0349069534334025,87575.7660057396,47
"48",2005,-0.00368782803896389,-0.0133901988392997,0.00511742232792523,-0.00919233464550434,0.00110378100530595,77049.4582155836,48
"49",2005,0.0180942174046729,0.0145517635604306,0.0262918513979558,0.0280036350339298,0.0448038309534042,66604.9538102189,49
"50",2005,-0.0303259537281,-0.0128654792229037,-0.0135490657788929,-0.0263640630804938,-0.0204137532307367,74803.7759781558,50
"51",2006,0.0168561375611704,0.0200522099004571,0.0295694748696674,0.0271163648582519,0.0340295515421519,60174.6078048778,1
"52",2006,-0.0213111001753313,-0.0304574408876667,-0.00588649023982396,0.00365714133570488,-0.0074243645521278,68183.8265289492,2
"53",2006,0.0317799486172654,0.0223216338981435,0.0359656170985556,0.00379101238597912,0.00650401422362373,98240.8852514582,3
"54",2006,-0.000212374275465055,-0.0196826503117828,-0.0255387469159458,-0.0281212326620682,-0.0413739404696799,35865.1316163523,4
"55",2006,0.0104128887540391,-0.0220202925503328,-0.0230440536046948,-0.0219349580520804,0.0106484763543344,114978.486695176,5
"56",2006,-0.0022806286382111,-0.00147799348528255,0.0181399687074821,0.0201561047463273,-0.016477059267362,71073.6654585811,6
"57",2006,0.0300435483833418,0.0103705006416911,0.00288773409286752,0.00806369088783765,0.0306334435382934,118819.262799537,7
"58",2006,-0.0203445537757821,-0.00934024649018483,-0.0035575775318436,0.0356258937474047,0.00923309818724355,34655.876441036,8
"59",2006,0.00107722731094001,0.0224044464257069,0.0322454241620835,0.0519736475585818,0.0594719974963468,85997.5954488417,9
"60",2006,-0.0220216521179756,-0.00662298320690857,-0.00596911969656322,-0.0209977387664246,-0.00921373834712769,89008.9740521184,10
"61",2006,-0.000159222150050764,0.0110145929015271,0.0174288437158744,0.00645719742025253,-0.0124191390431134,48903.5962543882,11
"62",2006,-0.00298144990209009,0.0280965240973227,0.0172234797549651,0.0139045232724129,0.0118952017977183,101699.026349833,12
"63",2006,-0.0081235706089462,-0.0150724633631438,-0.0315896530853227,-0.0135602963088376,-0.00948614618035143,62996.8699168682,13
"64",2006,0.0276188628499176,0.0390111142197254,0.0462886727240335,0.0392923264275581,0.0346598858042754,59848.4732057532,14
"65",2006,0.00314859956114727,-0.00806807240703522,0.014144363219561,0.0250307817750828,0.0394495935340736,68284.6267951402,15
"66",2006,0.0151771642337544,-0.00119021101667688,0.00592709652665463,0.0187155222819722,0.00699904611635166,95196.9892566913,16
"67",2006,-0.00253641156252377,-0.00875200187024672,0.0200195927170413,-0.00453210175230773,0.00160685096234803,125714.71930882,17
"68",2006,-0.00917066397274652,-0.0302080381282616,-0.0206287858683294,-0.0232546426721644,-0.0100918227681176,58736.3623731739,18
"69",2006,-0.00647480512489135,-0.0118989065404135,0.00539029141937825,-0.00445112265539471,-0.00148387091807889,76216.2765386296,19
"70",2006,-0.0173099124997906,-0.0118674368984871,-0.0144024239617175,-0.0038641712740099,0.0176670600139435,61854.0813138775,20
"71",2006,0.00878665263422473,0.00136605286264713,0.000317888078289363,0.00385824207922147,-0.0129274676255887,70893.6804910349,21
"72",2006,0.00894013931455923,0.00923261529224795,0.00482572141993531,0.0199782058158832,-0.00170142630246628,68026.3335560186,22
"73",2006,0.0311257356707417,0.00390336500757904,0.0137729484060408,0.0192781176201404,0.0534666171261898,54935.6010191505,23
"74",2006,-0.0137123683472977,-0.0227679901938465,-0.00895245656772942,0.00417363095176593,0.00105528976915203,77145.2182194205,24
"75",2006,0.00380865909122596,-0.0251914861535443,-0.0253066511589165,-0.00425016315712534,0.0152477199154015,50938.1994283629,25
"76",2006,-0.00400438108500623,-0.0209579704171705,-0.0184616525820767,-0.0322599889087315,-0.0246100374238352,54966.6440577204,26
"77",2006,-0.00417693177056783,0.0107412881880631,0.00148651987195564,0.0078161048542193,0.0221090351104202,45874.6045874697,27
"78",2006,-0.0291936772715302,-0.0419297346620703,-0.0161856099695729,-0.0221950131990135,-0.0164559522351059,68900.3644674559,28
"79",2006,0.00544838925185864,0.0278249596742939,0.0173224586716483,0.0192068855562198,0.0296498266594604,76714.768364983,29
"80",2006,-0.000141749791271906,-0.0231911722153477,-0.0162849242716017,-0.0129489887659515,0.0034321645430378,71634.0785425608,30
"81",2006,-0.00926339733670628,-0.0245902960981844,-0.0149201814232652,-0.0165642296502858,0.0071902610050173,88863.2388636422,31
"82",2006,-0.0012520593441912,-0.00551029561385957,0.0169272207275407,0.0319460874240092,0.0272715883988574,66368.0326590186,32
"83",2006,0.00859274301043322,0.0291808764850311,-0.00147524733018728,0.0164961548978895,0.000539208776527078,99722.9952354488,33
"84",2006,0.0157382251219403,0.0186280120082129,0.00803521026198045,-0.021154253795121,-0.00499130429725925,41807.1290670739,34
"85",2006,0.0152382893297549,0.0160229212869826,-0.000792004087794784,-0.027702467076066,-0.0133064726851735,71529.2384756533,35
"86",2006,-0.0150641410975553,-0.0271686106739609,-0.0266534954830934,-0.0200365310772325,-0.0192873117155929,87537.376634321,36
"87",2006,-0.0137826482217378,-0.0309302389799281,-0.0309814179539768,-0.0384618949895844,-0.0106769968265586,42090.2299067877,37
"88",2006,-0.0112021104007991,-0.02128928196692,-0.0144559126562954,0.00133479676594189,0.0183200188756736,96335.821348671,38
"89",2006,-0.00137662801912281,-0.0120321853917236,0.00141918510914613,-0.0154328260039592,-0.00792482134099987,74085.99676815,39
"90",2006,-0.0101776294009203,0.00427814878230048,0.00185016716937569,-0.0123481518500975,-0.0033691254470164,98040.720230103,40
"91",2006,-0.0213632389637419,-0.0111902090038424,-0.000483392673513716,0.0181570052362089,0.000450566120676177,72974.0036149638,41
"92",2006,0.001492877580834,-0.0265639614532953,-0.0240681554277682,-0.0330721328084541,-0.026429216281851,60172.2379294825,42
"93",2006,-0.00080078136432099,-0.000720064353345318,-0.00467493803038527,0.00902370755370124,0.000985638783675413,76079.7916060924,43
"94",2006,0.0207361433040414,0.00209780093561274,0.0139781974976663,0.00144266444457564,0.0407739082060415,53261.8390999848,44
"95",2006,-0.00181391764952588,-0.0202261846829505,-0.0110651315984757,-0.0188981380449281,0.00402161859839639,54177.561387838,45
"96",2006,0.0182346945345561,0.0165169202573368,0.00291568600073883,-0.0150247889299859,-0.0123663907842791,72823.6595976345,46
"97",2006,0.0109329255458379,0.00901856160915199,0.012501354568872,-0.0106308892060785,-0.0241891940324215,93568.633835676,47
"98",2006,-0.0049841419645304,-0.0114883244708517,-0.00109310898530041,-0.0105216980171675,0.00877811305555076,51372.7417631702,48
"99",2006,0.0472819082971692,0.0298036752591984,0.0335364123161935,0.0480202274061654,0.0814585809978554,67838.1428055071,49
"100",2006,0.0061635878236006,0.0034259135406336,0.00865864887224399,-0.000888275001388328,-0.0315311451712352,104089.558594122,50
"101",2007,0.0149040931093107,0.0317925779816342,0.0422838682052944,0.0345506235610943,0.0463846514130413,61729.3797512709,1
"102",2007,-0.0266361403681861,-0.0361840104756158,-0.0177398500945509,-0.0117605220707303,-0.011071325614161,59526.378466953,2
"103",2007,0.0329516550160563,0.0221070713728196,0.0406930441104286,0.0119719046854372,0.0102283742348079,105861.173693571,3
"104",2007,0.0135372407512392,0.00871737313692084,0.00577236532115277,-0.00250098151242795,-0.0400528332623367,35998.2663236441,4
"105",2007,0.0215606963357943,-0.0257055607074799,-0.0183466154213416,-0.0143837281303626,0.0302776670875115,128598.762874319,5
"106",2007,0.00482922787099171,0.0201847964854442,0.030567293918583,0.0235393565675439,0.00748732860335949,82521.4114852601,6
"107",2007,0.0291746093229564,0.00918480830883578,0.00543022777140301,0.020202962237314,0.0370383875976255,118466.007276142,7
"108",2007,-0.0207560433719485,-0.00893573248944662,-0.00753996632086573,0.030477878156284,0.0135717314320827,36235.9259071631,8
"109",2007,0.00122701963079963,0.0153838053613392,0.0213817480668014,0.0418063734307964,0.0475699442616582,87664.5529470737,9
"110",2007,-0.0192915048693913,0.00692114903617369,0.00141540616205205,-0.014827272310933,-0.018307951576143,66320.7124727708,10
"111",2007,0.00602783141817853,0.0141843144211152,0.0247941182289371,0.00154301844315341,-0.0193081732557251,52762.7795751476,11
"112",2007,-0.00979697510094996,0.0218075821084256,-0.00266125771639575,-0.00388296791527404,0.00879290341529948,82135.5760652973,12
"113",2007,-0.00459942712530353,-0.0288047370375249,-0.0369782008159604,-0.0177726120134042,0.00538473559726865,55775.0212883085,13
"114",2007,0.0289666161928955,0.0405562968078776,0.0529156493618254,0.0449159654090197,0.0400495733112143,66691.1541706838,14
"115",2007,0.00380064508218397,-0.00948301628397991,0.0078307369515746,0.00906660370775075,0.0230131786638759,63049.0165522478,15
"116",2007,0.00999482170551863,-0.00949227705958877,-0.00083158575230069,0.0062725286618005,0.00947971137352926,65395.4064941075,16
"117",2007,0.00599826398472353,-0.000551760812894209,0.0193818789802703,0.000941364902521502,0.00746672475352428,137850.01794807,17
"118",2007,-0.0261486539549216,-0.0393037460376369,-0.0413043298331869,-0.0396691099618502,-0.0272652321850915,64063.2448904988,18
"119",2007,0.00402622659133306,-0.0068198346356213,0.0156495320461549,-0.000386725823091183,-0.0147012094569568,66223.2102581811,19
"120",2007,-0.0207296371203388,-0.0154640282232821,-0.0230425731781265,-0.0200138041691476,-0.000407598207332938,69964.2908625355,20
"121",2007,0.00990574537255662,0.0134404355206909,0.0034486064920195,0.00370975855352107,-0.0129530773618941,79378.0797743621,21
"122",2007,0.00608120972443577,0.0179831844924098,0.00899382919273106,0.0161163997181028,0.00469017136851807,60821.4629772418,22
"123",2007,0.023513763384746,0.0115781516005631,0.0258653157108691,0.041880113130038,0.0697832606713674,62098.0487583006,23
"124",2007,-0.0269543390883094,-0.0233727077390247,-0.00271916748378476,0.0101049668349856,0.00070566949800388,83369.577523997,24
"125",2007,0.0108637028753935,-0.0145667799497005,-0.0115920518879356,0.00611845470771033,0.0230237537019514,46726.0609745206,25
"126",2007,0.0187189292519421,-0.00517439269002784,0.00434848387850362,-0.0126342897095276,-0.00930211588547047,56074.3834479702,26
"127",2007,-0.0104213141784549,-0.00180465383044848,-0.0104496592810978,-0.00318186999813697,0.0294987251399971,48221.6378753463,27
"128",2007,-0.0374030931255123,-0.0366529084568652,-0.0166294123801463,-0.0237529654772616,-0.0065301236808058,73156.6751142202,28
"129",2007,0.0122398835827908,0.0426915424956394,0.0261083898685006,0.0216202675367191,0.0104294321431878,77683.3571512191,29
"130",2007,-0.0106894983817602,-0.0186484617182612,-0.0112671011525489,-0.0175717560885557,0.00698241932878563,64093.2322232412,30
"131",2007,0.00694612004832912,-0.00386665604309394,0.00690378303769307,0.00120530204935204,0.018153266279652,68834.790339877,31
"132",2007,0.0120546258223865,0.0124977275016528,0.0354871767823289,0.0493725305902813,0.0312065692630623,42017.7533846888,32
"133",2007,0.00851511195308435,0.0276033799140877,-0.00514167005062027,0.0141205032909159,-0.00203853524961956,104894.814552736,33
"134",2007,0.0198483278807997,0.0214722435390139,0.00117203909751068,-0.0273288527695877,-0.0191410944850134,45402.1604732983,34
"135",2007,0.019211481460787,0.0169632910781077,0.000529074696262066,-0.019784768797055,-0.00705153086911242,65589.8459958071,35
"136",2007,-0.00810567988430438,-0.0163198480132064,-0.0121761125212021,-0.00881141325486934,-0.0130524986351107,95946.3182393868,36
"137",2007,0.00272118056355602,-0.0214557397036892,-0.0265246543442698,-0.0418843961586062,-0.00414725351178441,40422.3292081263,37
"138",2007,-0.000475854511056306,-0.00955101849638279,0.00254250723710997,0.00350000784148263,0.0179167009865694,97749.5683800434,38
"139",2007,0.000890494540012998,-0.00139344631352312,0.00676253049014713,-0.0126063590624851,0.00644804176608077,77505.2450689887,39
"140",2007,-0.0151223670381304,-0.00429721126482074,-0.00909066166064371,-0.0166075427538218,-0.0126817387143529,105451.354683922,40
"141",2007,-0.0138099855972575,-0.00541319211526681,-0.00140375960560679,0.0113677313441202,-0.00949886355778329,74533.5204968211,41
"142",2007,0.00853162427230608,-0.0230309053248019,-0.0249663468961846,-0.0207809960358535,-0.0130405860220362,45758.4117077819,42
"143",2007,-0.00844352264382137,-0.00102143666818477,0.00397746368057,0.0103029901682567,-0.0100699941061383,87065.9113713504,43
"144",2007,0.00373967290477684,-0.000530377138607485,-0.0041151253817317,-0.0160322964303623,0.0092037671290956,57200.348643079,44
"145",2007,-0.0185631247675276,-0.0356320198817851,-0.0345373471053672,-0.0340311127398489,-0.00418158864233908,49372.0763667207,45
"146",2007,0.014921660200271,0.011603111054837,0.00295386740494719,-0.00902013992173256,-0.0168024739075732,76978.1153752507,46
"147",2007,0.0257883173406342,0.0277218070441821,0.0415415318743473,0.00800321181851865,-0.00495339813328927,57700.2102060346,47
"148",2007,-0.0216891754973524,-0.0283309805328545,-0.00435254520785028,-0.0244848430907671,-0.000104890347822184,56805.2056014656,48
"149",2007,0.0499037929395139,0.0272517720953517,0.029495606287348,0.0545210004713177,0.101180682859573,47337.2872312842,49
"150",2007,0.00565319920714125,-0.0164053561611988,-0.0023174742198977,-0.00186632842365153,-0.0297226272905083,110084.508230051,50
"151",2008,0.00298190642961654,0.0021455760373647,0.00466560608666305,-0.0033868704691733,0.00250578791285405,73140.3958698544,1
"152",2008,0.00468683503554113,0.00212875873665458,0.00421422613892469,0.00356602458736005,-0.00611172944064103,100670.464232685,2
"153",2008,0.015986925123512,0.00784317879841623,0.0132289871154235,0.00775427304626458,0.000690406330185855,85790.2539368623,3
"154",2008,0.000742901897710424,-0.0111072326880797,-0.0102730049973644,-0.0197169038371801,-0.0240828095990467,80783.6328090458,4
"155",2008,-0.000796792925206957,-0.0158755476128513,-0.0199862896990161,-0.0150218832761035,-0.0136713674274191,89587.2676438414,5
"156",2008,0.000606315105542488,0.0115430833920909,0.0155055448010254,0.0147092564709519,0.00211774055060721,63576.0147460292,6
"157",2008,-0.000384243008146989,0.00588434928551218,-0.00236496446175466,0.0026354200346041,0.00339262970004345,88947.0885436932,7
"158",2008,-0.00318875745314001,-0.00354135844365944,0.00489857669044474,0.00578698739392369,0.00800349978666254,83843.3130145727,8
"159",2008,0.00453024073866498,0.00199957701060827,0.0111934895102206,0.021584571594307,0.0254058661603398,77237.1792656957,9
"160",2008,-0.00662045818455498,-0.00102533348096662,-0.00644302762777349,-0.0130540540412503,-0.0130260809153397,64067.9439054235,10
"161",2008,0.0103554720633396,0.0139444972177469,0.0135098004378061,0.0117244423657165,0.0151042214928636,71237.1524225123,11
"162",2008,0.00535698436545851,0.0205382107559484,0.0106488958452408,0.00797215832752279,0.00212469832160722,88323.9885646158,12
"163",2008,0.00864058339350454,0.00776441063333211,0.00215910920268203,-0.00248080773051762,-0.015363099201282,96916.0851274846,13
"164",2008,0.0202046284744393,0.0156347049466553,0.0269026436238525,0.0289310376662572,0.00249109277436493,80358.7329397085,14
"165",2008,0.00671676602339721,0.00207438917787045,0.00614975534243861,-3.08799632416368e-05,0.00343309911154571,76385.6723781036,15
"166",2008,0.00257310474444739,0.00765653854338144,0.00933371002461569,0.0163624796779818,0.0045471220822455,87709.5679420505,16
"167",2008,-0.000802039856361014,-0.0131185768199364,-0.00276749429858614,-0.00107408098319295,-0.00402064689035636,87387.1697668773,17
"168",2008,0.00972727826939146,0.0029690292656866,0.0167968884415335,0.00593203758774441,-0.00559364745265428,102237.185684237,18
"169",2008,-0.0060038280693987,0.00788666872252441,0.0215845696065081,0.0124044899938531,0.00329099658349452,57655.5619256779,19
"170",2008,0.0113373532825717,0.0132347126844882,0.019644798995377,0.0168663756939543,0.00733860097499645,82308.212452956,20
"171",2008,-0.0032806314487685,-0.00261108500634705,-0.00101064601980377,-0.00889725336130154,-0.00637399190816385,103239.504381874,21
"172",2008,0.000718769633066774,0.00966722133838738,0.0112177212012018,0.0116639901683337,-0.00686889990966655,90839.1362250488,22
"173",2008,0.0092718327082455,-0.00551589596936869,0.000791638917120974,0.0157156243858387,0.0198615881084003,68418.3285453967,23
"174",2008,0.000945859255644887,-0.006976519471178,-0.018250780905945,-0.0206190701084187,0.00461709011486711,78784.5280950066,24
"175",2008,0.016643327825622,-0.000670672111631965,0.00705187875107971,0.00240530872930411,0.0135753882710881,95155.3026665669,25
"176",2008,0.0129046328437066,0.00581035955216508,0.0120299432072908,-0.000239944784456381,0.00857334834318135,78699.6238461513,26
"177",2008,-0.0107315604084322,-0.00848399724337584,-0.00331861556085039,-0.00702701514241233,0.00436340741869862,85452.4325827791,27
"178",2008,-0.00087822376755814,0.00499301055372664,0.00748195924509154,-0.000926601221229395,0.0143001413101386,82943.5724187802,28
"179",2008,0.00688150865548443,0.0269076253051336,0.0232496123984993,0.0236987630286815,0.0177937777803364,94027.958979112,29
"180",2008,0.00842063604042964,-0.00439630979460875,-0.0046382990450981,-0.00563716858691465,0.00437160473987008,72467.7720329635,30
"181",2008,0.00644684180009486,-0.00823365908051216,0.00881842599376653,-0.00229222855347644,-0.00464211918936042,94918.0241424064,31
"182",2008,-0.00793724017617109,-0.00202449192850029,0.0156458188534161,0.0228325186324475,-0.00150969858727679,77864.1710472388,32
"183",2008,0.0135817730097219,0.00743883280754604,0.00403713548706203,0.013369375085867,-0.000638165489342257,72662.942910661,33
"184",2008,0.0134381207862618,0.0148044927326809,0.00990454011136072,0.00332286038586971,-0.00708146291683526,79808.9138010274,34
"185",2008,0.00373792713950821,-0.000333310475698678,-0.00135887927146744,-0.000377147636553443,0.00856789733135738,79308.304980109,35
"186",2008,-0.0037430469433955,-0.00630190477983783,-0.0106970160416332,-0.0123764322014014,0.00714102282843837,89919.1297005381,36
"187",2008,-0.00914606373853205,-0.00753762234101035,-0.010246500254981,-0.0129740661497599,-0.00935816221896063,99447.6360729763,37
"188",2008,-0.0128551359407805,-0.0141389834261086,-0.00308141139271922,0.00230591759926574,0.0136474137736243,78309.8365771837,38
"189",2008,0.0052538568200543,0.00771305768594804,0.0163438839144099,0.0132127745607534,-0.00213076102009607,91245.6154198432,39
"190",2008,-0.0044611489443685,-0.00472777548613867,-0.00384495763129361,-0.00783616633988704,0.00379186019253153,103264.619999905,40
"191",2008,-0.010653498184876,-0.0130062108494953,-0.00764100414561875,-0.00725694730614856,0.00974412279427211,81136.3280776404,41
"192",2008,0.00912629644354257,0.000382424413725269,-0.00180086190085782,-9.28035921615722e-06,0.0114493513147204,75713.2335583318,42
"193",2008,0.0101544584362643,0.00646402793954026,0.00823911356404783,0.00959502299086695,-0.00288172987861735,84929.4140430299,43
"194",2008,-0.000346112163343681,0.00414708527587654,0.0168606647759116,0.0101136180270623,0.0151173906240088,57094.5512692553,44
"195",2008,-0.022883419043611,-0.010200970714617,-0.00214304362183693,-0.011152314324321,-0.0163244464995789,71058.5532690473,45
"196",2008,0.0186076137068703,0.0100239332910506,0.0214345105116516,0.0180347488061973,0.0185242465580098,89254.4463746893,46
"197",2008,-0.0124524680579968,-0.000636604301369414,0.000817032654109151,0.00249306458409093,-0.0134582170737861,84900.7405580256,47
"198",2008,0.00545001076252083,0.00058557394407116,0.0138155368433194,0.000209032869596559,-0.00241761573614591,74135.1054846332,48
"199",2008,0.00125971388018409,-0.00324659955629603,0.00459293623771501,0.00830372735550156,0.00783231375119386,63205.3640710634,49
"200",2008,7.60433454511933e-05,0.00307407319770181,0.00308478586920452,-0.00496121318634701,-0.0120684454955607,74857.6772525446,50
"201",2009,0.0472682877851869,0.0835399954603155,0.0803022378441013,0.148009014756117,0.0995940069904825,101322.543899938,1
"202",2009,-0.0433246496663501,-0.100756652871505,-0.0285732730241674,0.0206371357765771,0.0473945420344654,28302.6797269372,2
"203",2009,0.110251396157161,0.144728741079713,0.127441785742525,-0.0684274529887129,0.0269642093030851,63564.2197723802,3
"204",2009,-0.055600871569104,0.016766914382663,0.0451183496789175,0.0949638614830038,0.0893049463074166,88306.8838403828,4
"205",2009,0.010273401947578,-0.0943429099411249,-0.0854790781785335,-0.064725770158637,-0.0341292880224633,36948.821140468,5
"206",2009,-0.0217890439965226,-0.0745853306594786,-0.122580500799498,-0.11728517145047,-0.0304541602368606,40941.6754852413,6
"207",2009,0.155502236135813,0.097202294424233,0.100102637879717,0.125093905236034,0.11828054055877,319502.369311419,7
"208",2009,-0.0195613353282579,0.050739002530195,0.0306365659156088,-0.0141315940384198,-0.0385914610114845,50682.8489477225,8
"209",2009,0.112013687320657,0.107309710973775,0.0228478349501176,0.00726079849573258,0.129109064371429,38767.9910757801,9
"210",2009,0.00615674865374394,0.0703469549902311,0.0115056623139757,-0.073970939739824,-0.0214462503849589,16099.7742823462,10
"211",2009,0.0168558214786703,0.00891019350818045,0.0325622681651313,-0.0424183832499629,-0.0280383134770471,86492.7207423085,11
"212",2009,0.0140090223328321,-0.0482979019621252,0.0286656242353441,0.0788425546827138,-0.0300669560233715,22223.6718220645,12
"213",2009,0.0589768728717485,0.131212681697408,0.040473032770276,0.0616392793151171,-0.0302995169994923,100047.601663635,13
"214",2009,0.0107123015035714,0.0106589496947541,0.0153987036963266,0.0317410172295517,0.0739791059910453,69963.9429056,14
"215",2009,0.0419159298003644,-0.0367113186006284,0.0764310955555378,0.0671390219315472,0.0909202795702384,18537.0153215195,15
"216",2009,0.121162644865373,0.0473892631443368,-0.0122055937240265,0.0392604973467976,0.0376264840386668,38783.9729300551,16
"217",2009,0.0147719904147351,0.0507266639887345,0.0896011226857521,0.0935015177164188,0.0872008152890787,109201.152848181,17
"218",2009,0.0210260022648369,0.035742276000103,0.057922915188348,0.0517561341708133,0.036018816852142,30567.6950895138,18
"219",2009,0.0901939250436651,0.0139975857482712,0.0578660390651605,0.0455672763264479,-0.0204517752934935,247468.694805928,19
"220",2009,-0.00241309342596474,0.0412732653997429,0.0787441629519191,0.0639969853063145,-0.0797203470972262,55821.5777209854,20
"221",2009,-0.00547719072768016,-0.0417201231056195,-0.0609326983435381,-0.0193753778452458,0.137270570457288,97314.8322595247,21
"222",2009,0.0618656785953808,-0.030207663312265,0.0130635765806161,-0.00914834738842274,-0.0264540968615741,35300.8373501977,22
"223",2009,0.0346609526754839,0.0735703981356686,0.0816107575782438,0.10921893235009,0.168364473439628,49911.3469575637,23
"224",2009,0.0756537325648524,-0.0472727603236502,-0.0525355871429594,-0.0516578028718513,-0.0644692004107428,321994.291726231,24
"225",2009,-0.0271818313306237,-0.0375079297673506,-0.0230022700543243,0.00646135512890667,0.0376446590953337,29318.5456283773,25
"226",2009,0.0613814777811876,-0.00568072148921739,0.116385583194953,0.0801203437675165,0.133068289631203,31527.8850226695,26
"227",2009,0.0802808331000858,0.130676125807742,0.0970858835448066,0.0753028450510806,0.170139467441005,26897.1294574384,27
"228",2009,-0.00932382777204183,-0.0557607280412517,-0.0679943029659638,0.0106086826661514,-0.0374058335692656,48937.9024469116,28
"229",2009,-0.0851996128939757,-0.088438091749761,-0.0755608231660893,-0.0740619002676986,-0.00124051836716899,49477.1180628597,29
"230",2009,0.0420293429941916,0.0419606657912839,0.0024422129810649,-0.00490567700139566,-0.0111636438617123,80383.9806318718,30
"231",2009,-0.0742455584983412,-0.0773442308535413,-0.0226150076151371,-0.129092741701363,-0.0732095793650961,94643.9360173206,31
"232",2009,-0.00209874214365102,0.0571986676711411,0.128188809162165,0.175822115761755,0.161443787677146,18549.5236607868,32
"233",2009,0.0480327996835672,0.0571630724526138,-0.00657945712175723,-0.058750748089602,0.00875801079365068,51051.3813007251,33
"234",2009,-0.0465861137061075,-0.0410471628552383,-0.0711751419194586,-0.0417090022399484,-0.0279686113223103,232051.657878429,34
"235",2009,-0.0152958513698548,0.0110140276958111,-0.00393097945622567,0.0267175645997337,0.000497489033288334,56941.3935187772,35
"236",2009,0.00291873974740392,-0.00665039677283574,0.0263349875724288,0.0776426367864089,0.107340933164594,56383.0899908167,36
"237",2009,0.00958190909053669,-0.00217415547509453,-0.00571175352894598,-0.0383100030645648,0.0667633048328952,33159.6072210757,37
"238",2009,0.00901151780396026,-0.0555139871257438,-0.038952606458823,-0.0402439709870303,0.0463473373940999,25142.2808682996,38
"239",2009,-0.020212575969405,0.0197780019651216,0.0130453948855502,-0.0624644184778333,0.0506321949897296,28345.8667210037,39
"240",2009,0.0961163705857369,0.0367671651806801,0.0202714080322218,0.0192433685110492,-0.0160219493857118,149282.706238997,40
"241",2009,0.0106681308040161,-0.0142102354176666,0.0562473626074569,0.0392074350552334,-0.0182975630639197,102618.894344074,41
"242",2009,0.0855416772498808,0.0599047290676245,0.0703910453138012,0.0748396315696406,0.0776247188788756,35788.5012735442,42
"243",2009,0.099910994916642,0.114477521328315,0.0489670291530104,0.042755826001246,-0.0937752983202962,41494.012753771,43
"244",2009,0.014456572131379,0.0263636446351196,0.0224462553804842,0.0445530863158527,0.0381469861976544,83652.0150206149,44
"245",2009,-0.0284178924892113,-0.0585480951894783,-0.0528827760345862,-0.0822528047274073,0.00116100933005481,44071.6210916884,45
"246",2009,0.0747477874936404,-0.00446354861149928,-0.0244452325097997,0.0413920979337989,-0.0134922374182688,33598.7348104956,46
"247",2009,0.0487990090346087,0.0982165598070052,0.0804558068898611,-0.0369837408219025,0.0521409967505751,36553.2405538088,47
"248",2009,0.221435204318823,0.0428385096305107,0.10449038951999,0.04852296127457,0.0874584967479263,55219.8892494806,48
"249",2009,0.0430254879815771,-0.0364981616910329,-0.0213231563789246,-0.0270066741384876,0.0920754837331292,90985.3262335599,49
"250",2009,0.144707541873277,0.0205548703641453,0.0972425447070109,0.119784014057285,0.00997203508797467,82791.5219479674,50
"251",2010,0.0393590799671045,0.0734209783658156,0.0915968451603372,0.0661027356400866,0.058493247858187,66857.0826745285,1
"252",2010,-0.00807348444395078,-0.0189346890501695,-0.00210158413992906,0.0141808469148,0.0222094735549115,31590.9036757065,2
"253",2010,0.0835142672690224,0.0912899696228553,0.0701245300792248,0.0252515200549606,0.0538147602097349,226182.402211289,3
"254",2010,0.0670955677527825,0.0152143332421848,0.06559057397514,0.0971681786805575,0.0431118237808393,45422.9588851305,4
"255",2010,-0.0171899958834487,-0.0553478267136894,-0.0491623854514636,-0.0265658079263333,0.0892409599094494,59414.4496642047,5
"256",2010,-0.0131960562220044,-0.0152278136763935,-0.00364963656094225,-0.0210637968201484,-0.0159782861172885,47734.4423173757,6
"257",2010,0.0501668736202737,-0.0297364982136646,-0.00806556037885819,0.0263702830818605,0.0448919795188989,116430.33464515,7
"258",2010,-0.0640107455256529,-0.014944166582681,-0.0339810572481614,0.00894964159080808,-0.0243121685238848,32367.7695489474,8
"259",2010,0.024444331095237,0.0163790554528304,0.00630094840137896,0.00806513329903924,0.0611143606171991,42188.837155051,9
"260",2010,-0.0254035326184406,0.00850253071261975,0.0123792073511444,0.0191977777242575,-0.0214879127631057,161767.411625105,10
"261",2010,0.0220731562278869,-0.00761077573853808,0.00714534615829732,-0.0168835523375417,-0.0513179014597868,63540.2719227028,11
"262",2010,0.00192940778064377,0.0264547517634486,0.0110152761278788,0.032188539065561,-0.0140612231717048,20011.5640091294,12
"263",2010,-0.0519413385082556,-0.029134139566557,-0.0699455959657272,-0.100228839447659,-0.0849910636353465,54124.1409124412,13
"264",2010,0.0124780362728591,-0.0552210022537333,-0.0306449169474556,-0.0802365402803605,-0.0451027290028461,132924.082041663,14
"265",2010,-0.00455189072709011,0.00273870852355695,0.0466383059253382,0.00262876609970131,0.051190917561808,52205.3495087049,15
"266",2010,0.0752027359185729,-0.000426823358287476,0.0301333318924693,0.068268718228125,0.0358840962577593,61976.2491173427,16
"267",2010,0.0182157739463401,0.00732776275366337,0.00716636440024399,0.00868804700986869,-0.0114113868312437,249061.60829491,17
"268",2010,-0.0461446262958883,-0.0545750387660515,-0.0269990282310064,-0.0382524018465374,-0.0744334426937272,94396.274114069,18
"269",2010,-0.0295753781060461,-0.033548559024915,-0.00711293288048692,-0.0205105435096474,-0.0131471658338553,151579.058971578,19
"270",2010,-0.0306944286450835,0.0443787323272999,0.0522707060282886,0.0914956931522133,0.043071273814566,101034.576899581,20
"271",2010,-0.0429393194610831,-0.00318191741021467,-0.0135599447499152,-0.00961734737412223,0.00237563298771043,100214.23134601,21
"272",2010,0.026984761010832,0.052941558217101,0.0435348461347831,0.0496437681355574,-0.0281839285654956,75596.3228799064,22
"273",2010,0.0099676172919409,0.0280961032316726,0.0449832182268267,0.100267276224497,0.166594294812667,52386.7976543844,23
"274",2010,0.0188825840110947,-0.0369807944184549,-0.0313685939823962,-0.00170930924189805,-0.025896441164676,143795.402347619,24
"275",2010,-0.0334374924094716,-0.0373841019315869,-0.0127450894724522,0.0217162097958046,0.000405762829786938,32278.1885518452,25
"276",2010,0.0139372440362048,0.0437960877341463,0.0761854645721016,0.0873334501818838,0.0447977103546972,38083.0159365038,26
"277",2010,-0.012181778463524,0.0124056238846733,-0.0190188157606078,-0.00709587125480843,0.0604093168267343,50507.5505900543,27
"278",2010,0.0121634230928839,-0.0514084086174776,-0.0446324156969985,-0.0110291355588074,-0.0567351891384145,91436.0914199018,28
"279",2010,-0.0240077510572957,0.0468113646327045,0.0256045952715148,0.00466304988767763,0.00475149969866429,125481.994602469,29
"280",2010,0.0261424136268479,-0.00999059904887367,0.01396766746258,-0.00748507659729725,0.0445882152377896,95640.4346448634,30
"281",2010,0.0120917372468887,0.0120864905655056,0.032728865092154,-0.0123982053917075,-0.00348184696592513,145154.375990615,31
"282",2010,-0.0104975250357655,0.0159022048690832,0.0558033287600829,0.102046984451332,0.022010067262092,28354.8743218687,32
"283",2010,0.0263675008370866,0.0410174552440494,-0.00429619254795999,-0.0410617440106085,0.00201009552510073,55494.7808827788,33
"284",2010,0.00484440371403028,0.0233080871490352,0.0136497123188604,-0.0125301533045725,-0.0543570382379894,85096.190191779,34
"285",2010,-0.0128533846412399,-0.00937270668865486,-0.0127412052403513,-0.0319702479534792,-0.0368256277211574,83403.4924963604,35
"286",2010,0.0078592342448276,0.00483102550486547,-0.00825106007132315,0.0246287235677058,0.033430376545318,71455.1793392401,36
"287",2010,-0.0123715712302936,-0.0436002942881921,-0.0483227555050686,-0.0372049577842719,-0.0166218277241063,49817.2801532538,37
"288",2010,0.0247090899073579,0.054036306485715,0.043597807493279,0.0266695353596349,0.091176220589218,24978.1075867248,38
"289",2010,0.00984277940284894,0.0630066011497953,0.0949287993537082,0.0738961210376315,0.0740349815280896,31809.4684475132,39
"290",2010,-0.00210386350999081,-0.00295292766103927,-0.00058704146804639,-0.0115575741155515,-0.0116767559183902,198187.743596406,40
"291",2010,-0.0211612866220569,0.00999067928730513,0.0207830609815234,-0.00393341873557929,-0.034148801369081,64366.6655101044,41
"292",2010,-0.0194065582406615,0.00405872257619155,0.00290839166079215,0.0315745748381728,-0.0186244353697886,29308.4910957422,42
"293",2010,0.0480679913779711,0.102922775233918,0.0483692143856497,0.0490339181272905,-0.0476480038948998,40070.3178122142,43
"294",2010,0.0361063208642695,0.0251873995608808,0.0212609839540618,0.00679714431050993,-0.021569624597555,46486.9327271551,44
"295",2010,-0.0310161382207247,-0.0691641050936794,-0.0664529117684147,-0.0958492198677713,-0.0382342948958727,51870.3880556473,45
"296",2010,0.0587840256121222,-0.00426462126987126,0.00105486480041544,0.000678815428121815,-0.0155060093520981,80805.1712958905,46
"297",2010,0.0456410996002093,0.0529864142577859,0.0636608412907315,-0.0184875765305764,-0.00236917646702778,57434.8127146362,47
"298",2010,0.0178124717341727,0.0100530581444854,0.0454923856044165,0.0411257316453946,0.116115888430823,72633.0314422812,48
"299",2010,0.0640981934088786,0.0453006456870436,0.041543167212447,0.017188597364632,0.055786386990359,62207.0505996006,49
"300",2010,0.0273154821179575,-0.0490285988509384,-0.0222985565795632,-0.0195880974121143,-0.0338288193537175,84589.6493160409,50
"301",2011,0.0124541358228683,0.0128548768502228,0.0197320026472303,0.0133920943751595,0.0214227852610374,72982.9108341752,1
"302",2011,-0.0213023979790127,-0.0247316182984357,-0.0140636632136029,-0.0117414794315206,0.0100353398737036,119846.003141045,2
"303",2011,0.023927882151726,0.0228822596231226,0.0267990864012581,0.0112325656299751,0.00550649978237167,87263.878783507,3
"304",2011,-0.00946659613249312,-0.0198055266810256,-0.0213798202425672,-0.0332786608940138,-0.0239413667952356,43920.5765576285,4
"305",2011,-0.00684085927116662,-0.0192231824477904,-0.0199143598387603,-0.0126820520372921,0.00431299535155238,110935.8294153,5
"306",2011,0.0139109271357298,0.00139669225315858,0.0149338153562137,0.020183548350859,0.0191552000195891,81586.1981092676,6
"307",2011,0.00197858978464988,0.00201949676758689,-0.0123562077801646,-0.00627751593399717,0.00555942415461441,104157.473976185,7
"308",2011,-0.0227278958355097,-0.00837185113425065,-0.0114104228996219,0.0101802294678172,0.0088388871573557,118735.799868013,8
"309",2011,0.00132675101955698,0.0140297127049836,0.0284026638113177,0.0512196870723535,0.0452102518405753,85611.4914035486,9
"310",2011,-0.00561433900243585,-0.0076514411456633,-0.0126102215319503,-0.01233767322122,-0.00411613968361657,85814.6605522922,10
"311",2011,-0.00410990923749788,-0.000682473322876187,-0.00634048962288047,-0.0137316946592158,-0.021600346405707,67972.2636565555,11
"312",2011,1.36361691184805e-05,0.0159718997487252,0.0118237012882085,0.00778204730680049,0.00835059672919508,100869.322563042,12
"313",2011,0.00706174292090955,0.0140017878579701,-0.00177667653459479,-0.00391580601627184,0.0124368244614901,57716.6766227795,13
"314",2011,0.0224264759543019,0.0282476846430149,0.0449936031961456,0.0401161238760609,0.0355415478470466,59326.472256206,14
"315",2011,-0.00901838923529635,-0.00815112638278287,-0.0110156184948768,-0.00632916014340207,0.00842444416984833,87072.2041194498,15
"316",2011,-0.00773950017573288,-0.00600154976412792,-0.00905148017704416,0.00678035507620367,0.00282484240627889,75575.3246109048,16
"317",2011,-0.00487647213541231,-0.0109908292498433,0.00730569683736076,-0.00599074837177876,-0.00185999605350012,103091.63548368,17
"318",2011,-0.0103041155080186,-0.0201063429859209,-0.00587535581769788,-0.0115336469679662,-0.00765680267573837,70107.2626989545,18
"319",2011,-0.00440179402448576,0.0061207279169157,0.0145614985493426,0.00707808409335076,0.0173996926848879,69930.6733297745,19
"320",2011,0.00866184771370665,-0.00818058091444152,-0.00233397816053288,-0.000584312050384783,0.00715159912077318,51883.8057333585,20
"321",2011,-0.00411082686487674,-0.00599489282261212,-0.00626345958449481,-0.00852444594221402,0.00242048807982664,64616.1117886273,21
"322",2011,0.00417630071030212,0.00050394781446228,0.00360068878064979,0.0111892052140563,-0.0106633200864437,82811.9812137087,22
"323",2011,0.0149367619368996,-0.00367807055124425,-0.000181871382061327,0.00737239878397233,0.0243205392485127,70185.6546635319,23
"324",2011,0.00229197874952614,-0.00768532629307933,-0.0108187400844314,-0.00309399897815493,0.00465680780836386,78415.9967269637,24
"325",2011,0.0201046275412203,0.0136269605997575,0.0132318388682656,0.0206158538352587,0.030434352737766,57972.929093579,25
"326",2011,0.00432519373854329,0.000603464186228697,0.00880413805915203,0.00049421218542145,0.0210410954494332,83508.2182013365,26
"327",2011,-0.00612947146630627,-0.00407730613311258,-0.00368148038105687,0.0122899432505784,0.031646991611504,64942.8291369777,27
"328",2011,-0.00304202810285303,-0.0208872765594642,-0.0156103126869098,-0.00883014509864527,0.00192228195607513,91599.9714555422,28
"329",2011,0.00661979312148819,0.00989245930078786,0.0105573163844055,0.010786548962162,0.0195172852563735,76785.1639948429,29
"330",2011,-0.00553017104877174,-0.0158735762091907,-0.00434049947500142,0.00366836566107709,0.0156704517664837,71399.7781127811,30
"331",2011,-0.0125610029726196,-0.0340606310448312,-0.0120692677444946,-0.0193475151786044,-0.00951787828314904,99763.1499455946,31
"332",2011,-0.00840263981392886,-0.00835508063730922,0.0128285529892845,0.027847751049239,0.0176655906782983,77116.141675956,32
"333",2011,0.00267979835194865,0.0219105446900132,0.0117313475723341,0.00744761722311571,-0.0245264219903776,88521.9792786563,33
"334",2011,0.0138499350608195,0.0248136252954873,0.00815267379211593,-0.0184517439895195,-0.0109753135373582,40022.8505391936,34
"335",2011,0.00593142223242965,-0.00157623103900822,-0.00396925645938356,-0.0088212589369645,0.00324364956604417,77121.0657154672,35
"336",2011,0.00689962215986661,-0.00471050599391465,-0.0130988724084479,-0.00337782199266851,0.00280783032506821,98152.8101269795,36
"337",2011,-0.019276608623597,-0.0323825879585259,-0.0306955936144689,-0.0236701087665369,0.0040238164584605,61111.7794628277,37
"338",2011,-0.0163530605346173,-0.0341708736169927,-0.0319598162398338,-0.0139311782029882,-0.00865387883236762,96942.3781251423,38
"339",2011,-0.000939109279000094,-0.0031444054354951,0.00997280976871051,0.0080816682138875,0.0247808203381627,72350.5141603745,39
"340",2011,-0.0109430598189319,-0.000252350567572834,-0.00204040977883546,-0.00910451244710264,0.00506171602100536,92402.6119254905,40
"341",2011,-0.02197533114778,-0.0132758122088933,-0.00437038842940657,-0.0026081934377713,0.005261155621958,69700.3056901328,41
"342",2011,0.0074949376974956,-0.0054644845738086,0.00559756158171087,-0.00586059531828453,-0.013117627687402,54766.4917376857,42
"343",2011,0.0107716108471908,0.0213533083904416,0.0152508270400146,0.0299957761780414,0.0263368685638652,95838.3525502945,43
"344",2011,0.0108221273720371,0.00359245526513879,0.00434564158437445,0.000898536247987636,0.0136021193745351,55529.1091911541,44
"345",2011,-0.00867884725087126,-0.00444456550688749,-0.00508250503365842,-0.0108263800640451,0.00444406856745366,56821.3156754309,45
"346",2011,0.0239613958644059,0.0335078739034429,0.0206584539733208,0.019845214820933,0.0015208584712561,124386.64445138,46
"347",2011,0.00891535393781673,0.014011239052824,0.00478470253772767,-0.0108844485262405,-0.0304927462318456,100238.192238789,47
"348",2011,-0.0182536110759868,-0.0108298526098669,-0.00370979252521841,-0.0145778427351475,-0.00486962242188244,78510.3287427562,48
"349",2011,0.0111405190310686,0.0132921145615214,0.021976719596913,0.030058009487144,0.0523394781657385,58616.7377328339,49
"350",2011,-0.00171826480324799,0.00539708116458715,0.00784020798883422,-0.00482656934384001,-0.000762073175139877,81765.8662280875,50
"351",2012,0.0136573090103225,0.0127816342748635,0.0186948136963295,0.0131068264279818,0.0182944665543112,72531.0360444765,1
"352",2012,-0.0197402678723069,-0.0231253262717721,-0.00950442183688749,-0.00663429558312728,0.00757061512485807,118879.73381563,2
"353",2012,0.02717547186332,0.0214055395055288,0.0256544495935082,0.00763114658268521,0.0086270613401529,87128.8872032309,3
"354",2012,-0.00670613152243255,-0.0152860612286475,-0.0186467933350668,-0.0299709761646936,-0.0211839370271023,44378.2693838854,4
"355",2012,-0.00758443911404383,-0.0203751224170134,-0.0204162479490594,-0.0097991256007835,0.00499359650145892,113098.412343865,5
"356",2012,0.0155800984858786,0.00352627893957363,0.0170408772579709,0.0210009887169743,0.0204374792001585,80660.5193727495,6
"357",2012,0.00224285163473698,0.00432842320249149,-0.0105859810117266,-0.00620675567699158,0.00900977367045752,103569.264668003,7
"358",2012,-0.0175429082867648,-0.00598690129572149,-0.00250420852174121,0.0247976320781089,0.0218339917201711,117094.839038551,8
"359",2012,0.00283148471169081,0.0165079497730258,0.0282540711947807,0.0533158460180349,0.0449611718958746,84646.8302949435,9
"360",2012,-0.00190590160829196,0.000759121541189289,-0.00633204842222268,-0.00726437498059529,-0.0027151543568994,85402.436268333,10
"361",2012,-0.00436063825387023,0.000845680024855966,-0.00346346656128382,-0.00832864677352574,-0.0132254623278568,67252.5712660389,11
"362",2012,0.0028106320675147,0.0170194711698872,0.00866527514670812,0.00414092753145673,0.00629497059683842,102370.761397136,12
"363",2012,0.00517452165497739,0.00843232081049722,-0.00118125406997865,-0.00662242769963894,0.00847092324568699,57837.3340210682,13
"364",2012,0.0226729151721924,0.0226085305242819,0.0423242432218752,0.035494259795674,0.0317957866349727,69228.639348826,14
"365",2012,-0.00856677403744704,-0.0113007437486822,-0.0120174575545299,-0.0074704811591596,0.00415186748884344,86041.7155889568,15
"366",2012,-0.00734095230089632,-0.00296454387362066,-0.00625112025567898,0.0067525795816149,0.000801776602331494,75288.4505284188,16
"367",2012,0.000201535428865307,0.00243614045146612,0.0141314376508561,0.0012758657168731,0.00258827015884022,103271.134877707,17
"368",2012,-0.00858027265874156,-0.0130845030442471,0.004038993222927,-0.0055790470846957,-0.00798744181329625,71569.4255056523,18
"369",2012,-0.00321278932243196,0.00790054830181164,0.020506903418959,0.00938251960192599,0.0180070801037433,70279.3397841362,19
"370",2012,0.0125071994812134,-0.00507964003249184,0.00136803291265775,0.0024731361149487,0.0049888740211872,51458.6514667956,20
"371",2012,-0.0037840553855969,-0.00420777268394557,-0.00241035943074175,-0.00689146085362602,0.00232980796115306,63916.519137649,21
"372",2012,0.00450010300225073,0.00119671458840609,0.0077393537756173,0.0137234349540364,-0.00790357093902583,83922.9141688128,22
"373",2012,0.016154434540348,-0.00110759488438789,0.000118179634432447,0.00885404011339336,0.0289550983147182,73832.5976207272,23
"374",2012,0.00756010514502553,-0.00365042426347073,-0.00457584318756493,0.000763650055455256,0.00305487875578431,77854.872067972,24
"375",2012,0.0211586068018893,0.0161085832838789,0.0126813986019325,0.0163311225151699,0.0264462728542376,57427.7928501258,25
"376",2012,0.0072496741590391,0.000874168709822376,0.00780246672547813,-0.000619173944833573,0.0198462281743098,87284.7444429317,26
"377",2012,-0.0071983397231381,-0.00264425352439268,0.000716225307614893,0.0154515224388824,0.0336838662589891,66416.5870772434,27
"378",2012,0.00108395208970313,-0.0201243057917407,-0.0083984972785226,-0.00248193015918691,-0.00254171419247828,91342.3346424764,28
"379",2012,0.0124656606880588,0.00862382975092157,0.00881207631935743,0.0113327697271473,0.0169374218297282,76061.4608666607,29
"380",2012,-0.00381263821569217,-0.0159953583447348,-0.00369899198807794,0.00688812953273693,0.016777021554949,70958.7202483549,30
"381",2012,-0.010354935616728,-0.0302978432082344,-0.00449037564852461,-0.0118072402980148,-0.00704914097940423,99604.6165655928,31
"382",2012,-0.00460090315743139,-0.00728419805470304,0.0162757475167107,0.033767614373085,0.0193941848308601,76581.5327702808,32
"383",2012,0.000950022791210814,0.0135297037817201,0.0043538964233033,0.00586978151693779,-0.0240008881891384,89409.9548972044,33
"384",2012,0.016000505946488,0.0243689547729422,0.00941953452001282,-0.0149065955768876,-0.00792253431010986,40676.8810351152,34
"385",2012,0.00599028494633141,0.00348969031198654,0.000179954271763538,-0.00512018893456362,0.00792962732196412,77368.4542597081,35
"386",2012,0.00338196102366789,-0.00534664483797964,-0.0150552808418502,-0.00342742889131586,0.00343452693502266,97366.642311238,36
"387",2012,-0.0171103551337186,-0.0274605725764834,-0.0259155141345057,-0.0225058125255372,0.0035589713667416,62380.1399371595,37
"388",2012,-0.0111938806839047,-0.0306991507626893,-0.0251525684786575,-0.00864838140614793,0.00147654772696587,96176.3443064434,38
"389",2012,0.00541712329346544,0.00353293742614286,0.0152779050440265,0.0137871469355102,0.0271580592404153,72396.1531572635,39
"390",2012,-0.00989439017776106,-0.00481501511522203,-0.0067643312493848,-0.011616306746086,0.0062135896442494,92281.4954787578,40
"391",2012,-0.0204315167424388,-0.0130636344189406,-0.00685714131373033,-0.00154317219037869,0.00495723653342328,69194.6931195595,41
"392",2012,0.00887328928475889,0.00128858648066171,0.0119856416640767,-0.00209153372336485,-0.00990909394057676,57954.5795158757,42
"393",2012,0.014265299441762,0.0210574198553625,0.0146377787812899,0.0287093966484598,0.0227318773361124,94839.3683799233,43
"394",2012,0.0116769818129508,0.00789085577512516,0.00982374211223802,0.00334264862238509,0.0123919727202335,55134.5608745713,44
"395",2012,-0.0103574834398071,-0.00166656097041784,-0.00574484390606367,-0.0144943721707309,0.00601378120271495,56176.3364578842,45
"396",2012,0.0249382943646388,0.0352467392308643,0.0198892474110205,0.018025768974614,0.00316623933221855,123640.28455246,46
"397",2012,0.0114906249429093,0.0151587894491611,0.00169095789181711,-0.0142795066727758,-0.0270510969762754,100106.386654988,47
"398",2012,-0.0147508728666638,-0.00702242421938482,0.00248640602034533,-0.00802664099221118,-0.00207342916009223,79919.3400636923,48
"399",2012,0.0150418371411811,0.0188815205320001,0.0244274697601328,0.0317250334141511,0.0510797123616129,73875.4390008017,49
"400",2012,-0.00237930995171309,0.00911382699397834,0.0143866574116832,-0.00053147411082699,0.00679920216737734,82998.934908483,50
"401",2013,0.0241236008545117,0.0378257161689728,0.0477362777274306,0.0312533599481826,0.0363723868472308,71084.129912658,1
"402",2013,-0.0328504014439215,-0.0525997668499882,-0.0374623620982794,-0.0321217965465374,-0.025822092745471,65796.8960294497,2
"403",2013,0.0245138039090487,0.0205773748393323,0.0366022355489053,0.0123279291853927,0.00111431675099816,107693.424190089,3
"404",2013,0.0243983204433187,0.022291252814457,0.0295414928819474,0.0244157733451384,-0.00273310843400432,36728.8010186117,4
"405",2013,0.0183358752322984,-0.0220253361419466,-0.0284132355517233,-0.0114048248173713,0.0321033210450917,142310.838992376,5
"406",2013,0.0153825572691191,0.0252379138219564,0.0284813981779766,0.0289377504558424,0.0354587667505266,70129.7223668346,6
"407",2013,0.0228058562897979,0.0113707539542363,0.0173062602986752,0.0315868998979688,0.0416444523481502,135783.734434175,7
"408",2013,-0.0468115918609173,-0.0302365864752299,-0.0345532287805386,0.0158612783003188,0.0100377668462447,33060.7846399561,8
"409",2013,-0.023494061693451,-0.00424818391616921,0.00377435111718094,0.0197657004823243,0.0431845141284214,84028.0484442633,9
"410",2013,-0.0229466328568704,0.000922441553032005,0.00099758411547568,-0.0110487701713968,-0.0110644577977421,71490.5583121588,10
"411",2013,0.0155480828771521,0.00816995651512953,0.0297338063582182,0.0153337958658232,-0.0140985576336932,53341.5276045107,11
"412",2013,-0.0131482890708944,0.0143533075897675,-0.0037889903542756,-0.000428674539516394,0.0051739174192143,91986.6144724776,12
"413",2013,-0.0110742852716079,-0.0195086706208443,-0.024394946185042,-0.0177744341069283,-0.000566017241389438,60252.1870262914,13
"414",2013,0.0184987874443939,0.0223899911591359,0.0372308302652966,0.0280315926147057,0.0170359906728912,68375.129584791,14
"415",2013,-0.00654645370211576,-0.00299672101835358,0.00940229273791321,0.00478232979152227,0.0153126721740135,58390.5690293846,15
"416",2013,0.00260602777335772,-0.0157443963955512,-0.0103176572360952,-0.00177526721823551,0.00415021123924031,69503.3023731267,16
"417",2013,0.00419013707960647,0.020283711788768,0.0174782299016675,-0.00256198203211355,0.0191161790047004,156506.598990653,17
"418",2013,-0.0118022627376387,-0.0256159970109211,-0.0308701262640645,-0.0300478884312184,-0.0020079021857019,68543.5683049817,18
"419",2013,0.000893525156466068,0.0112832664057741,0.0386252781546241,0.00790937740857744,-0.00519898716518447,71913.6934390903,19
"420",2013,-0.00482328629801276,-0.00866029936955559,-0.0149233866922502,-0.00638309477357829,0.00920254642923224,67758.0764609378,20
"421",2013,-0.0161718361125202,-0.010547845693326,-0.0180021883381729,-0.00547063566165307,-0.00987549353875627,61382.8421262607,21
"422",2013,-0.0111855536879392,0.0142908262712154,0.00498422630790335,0.0158675355200965,-0.000463519403515023,66470.0908367851,22
"423",2013,0.00943416199176611,0.00881460817777552,0.0227443614736,0.0198065249323763,0.0545195257252144,66796.080069091,23
"424",2013,-0.0272800978429637,-0.0267405400758953,-0.00777052800100797,0.0172633221481109,0.00218392715761817,92999.8079212186,24
"425",2013,0.0114737385864948,-0.000575718409285053,-0.00199633092530682,0.0220937337364661,0.0336335716556848,47234.8060599838,25
"426",2013,0.0165645045694705,0.0063891581324248,0.0176927634229562,-0.00577687319550857,-0.0125718716313087,61342.1020102223,26
"427",2013,-0.0125220039862137,-0.0216876679406817,-0.0233228490974661,-0.00985534487712136,0.0338016319565819,52530.3515229362,27
"428",2013,-0.0418636901576263,-0.0335156818165828,-0.0155798223857629,-0.0270579833678191,-0.0178317112068251,82694.6270062837,28
"429",2013,0.0022232061959912,0.0299219216236662,0.0158945730955417,0.0163587811588958,0.0191402411865673,83719.5338087547,29
"430",2013,-0.00147996878769802,-0.0377008742310223,-0.0284235102605834,-0.0199770175808622,0.00983343615558546,70673.6011701878,30
"431",2013,-0.00680149659053714,-0.0185329108212632,-0.00104449040905918,-0.00697521946349117,0.00811907850677718,75988.977633837,31
"432",2013,0.00243934461994955,0.0160753998226464,0.0328370863055836,0.0428635730050231,0.0267475019008846,45221.8027619519,32
"433",2013,0.00312925325779062,0.0141942995934485,-0.0175517671741528,-0.0052006190999227,-0.0197599590842745,118849.962328658,33
"434",2013,0.0370015235353429,0.0477356247605846,0.0311773063723775,-0.0123843511284608,-0.00775397759184826,50184.1218936864,34
"435",2013,0.00842927663473703,0.0033920018095398,-0.0151448981630818,-0.0259170217260191,-0.0104311385538988,72398.899977367,35
"436",2013,-0.00180860091214485,-0.0156992066949826,-0.0121142046735936,-0.00511246672138105,-0.0110225185544483,85424.8680415365,36
"437",2013,0.00883200513768617,-0.011846174643687,-0.0202778738829506,-0.0166905632195275,0.0279339344801028,42398.3345737139,37
"438",2013,-0.0104056697614647,-0.0182166516278395,-0.00811510659864922,-0.0128273175612272,0.0134338831999991,107975.093844493,38
"439",2013,-0.00353839432650227,0.00720648804266855,0.00779268967387359,-0.014828157104639,0.00148033236202155,65829.8023930554,39
"440",2013,-0.00951017318570702,-0.0132022716646807,-0.0178423123317682,-0.0247571965515722,-0.0204956640755821,110987.562151018,40
"441",2013,-0.0068238170007528,-0.00313623046417466,0.0108133083278317,0.0156246217118868,-0.0113574842521318,81889.2207171527,41
"442",2013,0.00216284913355719,-0.0228268829105109,-0.0298771259634522,-0.0408200451388609,-0.00512870656882669,49783.8720052632,42
"443",2013,-0.00402657359940217,-0.0092809165463611,-0.00400873540210933,-0.00568941153204061,-0.00344260765289417,83165.7332966271,43
"444",2013,-0.010981805049938,-0.00651452079711534,-0.0118152148807506,-0.0269396704164105,0.0152537107847814,58673.9227409885,44
"445",2013,-0.00701931405094269,-0.0191637516288739,-0.0187159986237522,-0.020581493205207,0.0108174842152269,42672.6506103624,45
"446",2013,0.0123774887154877,0.0170269369023583,0.00214393909795862,-0.02346365790531,-0.0259251595409764,74394.0880450175,46
"447",2013,0.0164791753834282,0.0117437162558169,0.0290663450679614,0.00470798144138779,-0.01529582246556,60440.9433839705,47
"448",2013,-0.0251296023517411,-0.0334887761463057,0.00533260185104717,-0.00986217070755574,0.00715799774556175,61647.2426092553,48
"449",2013,0.0254918518393319,0.0110735356711801,0.00480731095651588,0.030618904327787,0.087880712534753,52568.8119200959,49
"450",2013,0.0201661011078359,-0.0101417667944572,-0.000763860846801911,0.000468865303419941,-0.0077082201425126,118542.553154605,50
"451",2014,0.0258902758606508,0.0512792968519921,0.0692248116471129,0.0490534082748246,0.0468033448839221,72096.9326662385,1
"452",2014,-0.0206009698456939,-0.0541650380435226,-0.0438744882801252,-0.0341340861063191,-0.0216063463935421,69464.2901340004,2
"453",2014,0.0337185490564013,0.0306621025528064,0.0313905775512177,0.00939503669368619,0.00393077454867041,132580.792815022,3
"454",2014,0.027547358914593,0.0323271101715823,0.0425042676986634,0.0364228878068193,-0.0153147346912332,37251.663460818,4
"455",2014,0.00267541867273802,-0.0378263729485077,-0.0358996528642342,-0.0221004795326711,0.0440361262628905,171405.944510746,5
"456",2014,0.0139911761634673,0.0147600930429606,0.0210803482317905,0.0322149883025731,0.0533446673974485,89033.1332838361,6
"457",2014,0.0347011089630409,0.00211297991659437,0.001400065819951,0.0263828912932921,0.0419707775918823,157864.164253793,7
"458",2014,-0.0374168096173151,-0.0142050931299243,-0.0174161939191912,0.0366094132358302,0.00936495517403785,36382.8930080148,8
"459",2014,-0.00678345149857251,0.00551443658423412,0.0190656632954236,0.033330340186802,0.0626670437438185,90478.3215843667,9
"460",2014,-0.0424809423468243,-0.00672767486692227,-0.00916576735854402,-0.0233551884648147,-0.0283582810541027,95047.969704817,10
"461",2014,0.0220134568987937,0.0276631730941218,0.0485758142993796,0.0386798909375055,-0.0189714947001304,65970.7595879432,11
"462",2014,-0.0114546154086441,-0.00358758567421669,-0.0105803087101087,0.00500511770339473,0.0080047179029038,83538.6800138249,12
"463",2014,-0.013307219899974,-0.00977226182496832,-0.0213548320183043,-0.00019278081623858,-0.00825954342314317,47651.6454967243,13
"464",2014,0.0153792030908436,0.00940019618348709,0.0224891463123499,0.0170472218373653,0.00866371511088188,83744.9739096425,14
"465",2014,-0.00645874281432035,-0.0116178238525584,0.00658887214836068,0.00447168922061958,0.0310220264961105,71560.5650644668,15
"466",2014,0.0219467170764137,-0.0174453416167708,-0.00136356465538323,0.0093510699987781,0.00801787649036101,68717.5646556949,16
"467",2014,0.0190148076485291,0.0129091860222906,0.0190459804848615,0.0150398541887405,0.0355398720617626,181751.869060956,17
"468",2014,-0.00759934729277256,-0.00584377486283644,0.00587435292837613,0.00652618882175426,0.00299036100049765,58838.9814820817,18
"469",2014,0.00313000804576091,0.0230486617306176,0.0448581838382475,0.0213912996296579,0.00485032856129358,89326.1463759737,19
"470",2014,0.00463530062353423,0.0195312392893324,0.0189011465859915,0.0301286177526794,0.0412678160357618,72666.284420069,20
"471",2014,-0.031078790353318,-0.0272428282308047,-0.0315083457428954,-0.0270112180424982,-0.0309019809603795,68359.7980711289,21
"472",2014,0.00597199457205461,0.0278422680928575,0.0218542101710167,0.0408756770291783,0.0132350534799863,57905.7952434946,22
"473",2014,0.00494198037004107,0.0133341966817601,0.0364479293661152,0.0323702255462888,0.0640567227109581,63424.826171247,23
"474",2014,-0.0190406577971362,-0.0272220057993463,-0.00329209389083818,0.0318105396535773,-0.0113817323068374,107931.366805026,24
"475",2014,0.000917125980103406,-0.0235623584930355,-0.015988399280409,0.00967028900576716,0.0250526307285432,53759.0358709746,25
"476",2014,0.0274429668756858,0.0385120162613005,0.0651390545704899,0.0441989237489635,0.0163811261889018,66706.2919724268,26
"477",2014,-0.037683090497303,-0.0425723746253278,-0.0303945233905095,-0.0258056568614567,0.027458085823163,44768.4566655871,27
"478",2014,-0.0402485457379929,-0.0357704414211366,-0.0277320840889133,-0.0158191781767139,-0.018018893148557,68344.6523043438,28
"479",2014,-0.0055563630280232,0.0299039084583311,0.0188695724513013,0.00297534572263985,0.000630512374341863,99705.2008767693,29
"480",2014,-0.0249902619092405,-0.0368677394916374,-0.0348300113156658,-0.0360148918091903,0.0057017807092184,77271.6796134315,30
"481",2014,-0.0316359628842699,-0.0344909877244984,-0.0154351002716298,-0.0252160479926692,-0.0177610667608935,77304.1912072872,31
"482",2014,-0.00912386178637792,0.0125132048854218,0.0287802198449701,0.0668511643863983,0.0046706398339697,46284.9188717438,32
"483",2014,0.0132585534191365,0.00157937953943454,-0.0215781429104078,-0.0265018565253246,0.00767822326722689,156509.415854848,33
"484",2014,0.0434330839882576,0.0521516112924252,0.0246264705635899,-0.0486409519002872,-0.0418866662516264,46347.0940555389,34
"485",2014,0.00955914151316384,0.0232747811797182,0.00580342669977718,-0.0211828213260731,-0.00486342215881458,62611.5546759125,35
"486",2014,0.0254946429435006,0.00921513086608228,0.0154065058880375,0.0162288802078566,0.0018888410461258,74267.6786605897,36
"487",2014,0.0204022889262768,0.0113162214605542,-0.0233567556527765,-0.00401794279772238,0.0244522651620397,37022.249814828,37
"488",2014,-0.00870772370964679,0.00535462312266188,0.0012126067969615,-0.004386011156642,0.0331329422324306,60208.6786715733,38
"489",2014,-0.00336178237952828,-0.00721057174211209,0.00775633995709241,-0.0271005834571447,-0.00772842130698648,74862.2474396644,39
"490",2014,0.0193214686549625,0.021511004898752,0.0312960454149054,0.024358150927772,-0.00302578428056488,136739.840398563,40
"491",2014,0.00611648006613968,0.014920679123443,0.0261640265505729,0.0210886600520915,0.00772652000269025,68766.6617142365,41
"492",2014,-0.0374382974945668,-0.0420844193808572,-0.0364954167988857,-0.0314443283125874,-0.0367906449179363,51549.4603298959,42
"493",2014,-0.0112303770853012,-0.00975066092925048,-0.0134170268315522,-0.0180167250354315,-0.0380690402640298,89152.4106707496,43
"494",2014,-0.00434598783170842,-0.0172993845536202,-0.0178334654482666,-0.0278827712561768,-0.00267946485663817,42974.8578777709,44
"495",2014,-0.0148048774522562,-0.0408408461666555,-0.0388889623468431,-0.0419835430763228,-0.00559423168568512,40588.2505022697,45
"496",2014,0.00949641278762187,0.00429090769178053,0.0116904200623342,-0.0254861074099951,-0.0563539110882481,86230.6687603307,46
"497",2014,0.026350732517919,0.0135005007095363,0.0213550436394611,-0.0104145749914705,0.0030470048228935,59317.719587894,47
"498",2014,-0.00943749516012182,-0.00818946282948418,0.00682110106824069,0.000212627055113379,0.0255260529197446,62642.8954476455,48
"499",2014,0.0179562915901672,-0.00946775924477988,-0.013408041493007,0.000562384846687913,0.0772992118583168,47828.2719640482,49
"500",2014,0.0117892289913374,-0.00518434943332091,0.0102032134607564,0.00651963721643822,-0.0199387142868426,156431.369734563,50
"501",2015,0.0275989867458195,0.0530374977449077,0.0543072225181515,0.0343300187356224,0.0394241437303996,77608.9978941307,1
"502",2015,-0.0433414721338717,-0.0502315582090779,-0.0213529356868941,-0.00404129175103474,0.0354753791021487,30284.0618592323,2
"503",2015,0.0555171229080203,0.0537528003143591,0.0414486825372566,-0.00921384433058747,0.0116804213701081,204746.885187394,3
"504",2015,0.0504867585221855,0.0112650561275096,0.0681208402342554,0.100385737353501,0.0129221338319331,47042.3374934577,4
"505",2015,-0.0269374665516997,-0.0454839230250964,-0.0462679481461399,-0.0214264853300737,0.126645612527625,66617.4387343514,5
"506",2015,0.0404254250021567,0.0118320034380149,0.0268441304918693,0.0196759504794062,0.00852169036619232,30271.7431507268,6
"507",2015,0.0625615173346722,-0.00172841837196724,0.0062644290092666,0.044680244242802,0.0521296159473909,143235.671951358,7
"508",2015,-0.0722036618318389,-0.0332405763725119,-0.0353682293033314,0.00676621814878497,-0.00977488971181106,27005.1509781873,8
"509",2015,0.018769277769635,0.0028481461229557,-0.00300449108714684,-0.00285812343930425,0.0440564889034696,41202.4663814324,9
"510",2015,-0.0114142206627136,0.0375326775089855,0.0411249960929158,0.0203089397891328,0.00837324509880077,190666.420203375,10
"511",2015,0.0362049004597006,0.0183773341178403,0.0416376894445812,0.0144805809212977,-0.0519098296747564,74157.0966037087,11
"512",2015,-0.000337765658017131,-0.0075180189514461,-0.0200760447628215,0.0278103956737975,-0.0183605821982311,18214.9573594139,12
"513",2015,-0.0412607260131239,-0.0134805380034078,-0.0515557626194642,-0.0943198588781431,-0.0925813796324467,58743.8455832023,13
"514",2015,0.00162819647161411,-0.0451231435053013,-0.0125524754106779,-0.0739864407134791,-0.0331582627615885,41487.5447191604,14
"515",2015,0.0102025832292794,0.0139751226865396,0.0486484539568063,0.029105295703731,0.0647871406351859,58237.583066717,15
"516",2015,0.0859080702500465,0.0119997861497986,0.0477854403774726,0.102683408892146,0.0355326428441952,70613.1122400506,16
"517",2015,0.0118442279974335,0.0103206172395419,-0.00277226546940018,0.00639325658482776,-0.0357648776238148,295524.773904713,17
"518",2015,-0.0263141419106929,-0.0266889239329847,-0.00172951482391015,-0.0181485939292508,-0.0441594086519345,106550.22756342,18
"519",2015,-0.073788598676999,-0.0497127248318461,-0.0239588757857611,-0.0281373470376885,-0.0180848467889349,143442.93856103,19
"520",2015,-0.0018819381631402,0.0675463418745001,0.0827719293423707,0.0977041029504614,0.0461145344394037,112842.256718568,20
"521",2015,-0.0350942922125347,0.00549119457214742,-0.00803625697205912,0.00847257026021209,-0.0174522486627805,103094.678130636,21
"522",2015,0.00362023312262649,0.0181525319006139,-0.00235451621421179,0.00347039307627028,-0.0431142881126138,92140.1729743157,22
"523",2015,0.0497721775995958,0.0055238507018171,0.0381789220812004,0.0620388208076291,0.119113876753989,27134.5718508144,23
"524",2015,0.0108879124469687,-0.0376583578596547,-0.020986352228102,0.00810083076998391,-0.013973187850902,161936.481244455,24
"525",2015,0.00606494852404538,-0.0180474068280334,0.0196186463880136,0.0380100301082316,-0.00375563575875015,34865.0395206316,25
"526",2015,-0.0074247081605584,0.012626559710728,0.0511728628939875,0.0843477095280899,0.0667224355981267,38545.092531855,26
"527",2015,-0.00629543202663718,0.0317067930019102,-0.00460152442145428,0.00977853078326191,0.0544777025525369,28262.0516412496,27
"528",2015,0.0549742668517665,0.026827105548764,-0.00879444482179342,0.0128156045552619,-0.0165151464214936,108699.925529723,28
"529",2015,-0.0529278317774527,-0.00130245217530878,-0.01635829045856,-0.0309289555421353,-0.00722039471668567,88057.3021043097,29
"530",2015,-0.0122465244254616,-0.0315119192198652,-0.00895645066943418,-0.0370306656424994,0.0300566722067619,77123.9095578816,30
"531",2015,-0.0124210729712152,-0.0107525888025693,0.00126536759512158,-0.0432596128293937,-0.0156949946294631,162995.988688568,31
"532",2015,-0.0331049228700433,0.00443687816478278,0.0279628050075223,0.0617547155725698,0.0077819699264603,29823.1167909851,32
"533",2015,0.0020033688548024,-0.0146091126900038,-0.0607944315056516,-0.06706055687218,-0.0126656368677112,63451.7450704791,33
"534",2015,-0.00840314094369388,0.0244391576416184,0.00757987802090937,-0.0276016105878101,-0.0288069726038548,100613.128372664,34
"535",2015,-0.00373544385341695,-0.00270357528013837,-0.00647675843957768,-0.0108497319332652,0.0224873269735635,93023.8705264684,35
"536",2015,0.0191139283024932,0.0168187557998967,0.0139488738679898,0.0344940884962297,0.0878627549783526,79299.2517085147,36
"537",2015,-0.0462414025577964,-0.0253265164983044,-0.0270345932242574,-0.0274780632763572,-0.000378808297844702,56387.846034422,37
"538",2015,-0.0129668609600411,0.0329205334347077,0.000770786624322728,0.00329305416496561,0.0994358539752596,26141.9377797474,38
"539",2015,-0.0111692074435285,0.0399150626003957,0.0511324164198732,0.0252792178834308,0.0360346420914037,35225.3868772439,39
"540",2015,0.0217418997034851,0.0249999113250732,0.0246766051290968,0.017451914439561,0.0293622904433096,143616.400775229,40
"541",2015,-0.014318191344548,0.0216985496805817,0.0197704296587873,-0.00580242427984756,-0.0428905522223714,65173.24892059,41
"542",2015,0.00111535284983522,-0.00402641213909705,0.00156989289407794,0.0219264119134407,-0.0157181875056399,27397.7331938723,42
"543",2015,0.0210463863071556,0.081086058623468,0.0128277547994974,0.0244961360668899,-0.0352951613394608,40138.2974393204,43
"544",2015,-0.00192597632393632,-0.0338472675629339,-0.0199154819567128,-0.0130465421125061,-0.0505395393731621,45701.1751254022,44
"545",2015,-0.00288938833655261,-0.0360007078164368,-0.0504914814668438,-0.089983673444344,-0.0414617732016794,56827.8748908462,45
"546",2015,0.0417827777589151,0.0235251730098346,0.00263136310726853,-0.00655898488479834,-0.0091491667158165,97366.1211155678,46
"547",2015,0.0455767042875265,0.0465426594232167,0.0535495090759986,-0.00630389184624625,0.0280013436874988,58055.9144189313,47
"548",2015,0.0246305473792433,-0.00527027908318922,0.024424099302668,0.0214955192762968,0.0995937688588022,68311.6498332408,48
"549",2015,0.0481397413824911,-0.0192933174510109,-0.0200397475074927,-0.0301479392485058,0.0497425950779561,50166.2610911613,49
"550",2015,0.0495576386655904,-0.00730881067125538,0.00965126485563089,-0.00764262821621159,-0.0355677825683945,97960.5873606525,50
"551",2016,0.012211142523439,-0.0032220306623364,0.00534061618004833,0.0116341017270101,0.0133843346914361,74355.894106207,1
"552",2016,-0.0120104455146037,-0.0145171337828398,-0.00862645276119772,-0.00120929881072079,0.00174801239266026,75244.1410373983,2
"553",2016,0.0225429048662185,0.0145297917874737,0.0253364554348928,0.00490522252642961,0.00962905084198706,85811.7371432867,3
"554",2016,-0.00424587122843539,-0.00830780004564607,-0.00672211509576548,-0.0110088887040363,-0.0135616984912136,41141.0551362842,4
"555",2016,-0.001616748013545,-0.0151308800297102,-0.0152585245166934,-0.00593878799294395,0.0176054713220197,116003.6566284,5
"556",2016,0.0115430909725551,0.0035272267770225,0.0209565544309697,0.0250973161635473,0.0178222254376589,87091.0996222887,6
"557",2016,0.00380270132089916,0.00382728909034924,-0.0140616494942452,-0.00580824124109158,0.00682387271813584,115926.844789679,7
"558",2016,-0.0207008219460434,-0.00890276398967671,-0.00527147488874313,0.0297858372859326,0.0153790869997329,129913.405280894,8
"559",2016,-0.0036623390760952,-0.000776378363689545,0.0164992003201017,0.0501928699140735,0.0535507695379381,88280.1389870494,9
"560",2016,0.000353715639496155,-0.00383939614999529,-0.00942858136912772,-0.00770226104366811,-0.00601854406057334,96806.3356198073,10
"561",2016,0.00110660054091105,0.00432983478275029,0.000273076887370549,-0.015445747050828,-0.0136695234566474,62181.9679149942,11
"562",2016,-0.00126381106825091,0.00599079416777709,0.00241651719625419,-0.000829587655552078,0.0164068118284474,111210.055601784,12
"563",2016,-0.00357089649290215,-0.00483771023507229,-0.0100037840051697,-0.0141043790296788,-0.0011175240805259,58914.4947601298,13
"564",2016,0.0260399656664577,0.0114143187862674,0.0363229089854215,0.0386129083639127,0.0269769724951394,61173.187057969,14
"565",2016,-0.00957049239343705,-0.00459133662355399,-0.00217942611204597,-0.000773690211394507,0.0160838549333577,93967.0425007221,15
"566",2016,-0.0219059651593384,-0.0194622163101703,-0.0218068742228385,-0.00477562786765928,-0.011671720139919,81227.4801130103,16
"567",2016,0.00370225502849392,0.0135427622942376,0.0293662377869617,0.0109323075977181,0.018038201792447,112303.485535506,17
"568",2016,-0.00763182201062662,-0.0209150267419784,-0.00732733141795339,-0.0112827591612201,-0.00812279677655947,67126.2530373373,18
"569",2016,-0.00381237464347078,-0.00110495743175931,0.012145395760731,-0.00306247119329633,0.00678963619681922,79486.5853773912,19
"570",2016,0.0172040535194936,4.92317080668103e-05,0.00689253004924822,0.0136102660325401,0.0176457496144433,56925.5231635369,20
"571",2016,0.00376842949246037,-0.0129712908805228,-0.0134499162707863,-0.00639417228315109,-0.0110414295673021,71790.9849369735,21
"572",2016,0.00871454820783868,0.0113033127450416,0.0168258597462453,0.0231246799798142,-0.0123538903014324,81453.7931259868,22
"573",2016,0.00376735523339017,-0.0167312339084423,-0.0143286647561237,-0.00586369045229274,0.0124383195937903,51119.6164049414,23
"574",2016,0.00836803884365284,0.00367810000724356,0.00381698747621129,0.0174870688587165,0.00545755990832852,79141.3933861658,24
"575",2016,0.0197609144844871,0.0207646573759461,0.00990466137764778,0.0110223508913061,0.0365465090674477,63116.1194099801,25
"576",2016,-0.00291484910410711,-0.0117774794474359,-0.00477474220558738,-0.015524037025763,0.00357010490431342,91316.745181535,26
"577",2016,-0.00224845972315313,0.00226672112835297,0.0046140306733492,0.0218801110767409,0.0413613420736147,62359.4419184483,27
"578",2016,0.000846708237009719,-0.0150471338231005,-0.0111665467305573,-0.000959975447259342,-0.00383648018114913,87487.8999850807,28
"579",2016,0.0082630561993412,0.0191342667677559,0.0127194095910669,0.0181281414376266,0.0247289780453531,81298.5712272714,29
"580",2016,-0.00347283228741319,-0.00869679489806896,-0.00596787145489425,0.00301945473191212,0.0272649562019188,66414.6183529624,30
"581",2016,-0.00880057573054466,-0.0172377436208784,-0.00537348533337845,-0.00920660304133658,-0.00186434487610249,112289.732714732,31
"582",2016,-0.0100152761949199,-0.00940755295008228,0.00268511937203564,0.0252094424793082,0.0224531879317707,76658.3582952293,32
"583",2016,0.0108447225198084,0.0157519081042602,0.0042726468290889,0.00581147708005392,-0.0112929380733563,98587.1036309947,33
"584",2016,0.00763249693382106,0.0206500690411648,0.00984855785859745,-0.00960306418695489,-0.00174204467380501,42990.1508239558,34
"585",2016,0.000117687541944078,0.00221319234358885,-0.00181394851782779,-0.00654572051909902,0.007864618432255,84722.8500217524,35
"586",2016,-0.0107388039029581,-0.00830834559607085,-0.0213003092228197,-0.00649002039676971,0.0015129171807462,104030.949251641,36
"587",2016,-0.0171240442583185,9.00535303158811e-05,-0.00566362040119084,-0.0170228892694472,0.00220033371519018,49463.4414622562,37
"588",2016,-0.0112216197528425,-0.018703662594014,-0.0118495805781667,0.00293054816208144,0.0101553985864601,93472.1505666534,38
"589",2016,-0.00380999517737657,0.00187267509737366,0.0105955550159401,0.00646184166277003,0.0104223441502468,66894.2672658328,39
"590",2016,-0.0203449604089203,-0.00709626363685684,-0.0112908370912783,-0.0190801701137964,1.55467665053921e-05,94176.2351403522,40
"591",2016,-0.0230853751784322,-0.0128470582041488,-0.01192678080284,-0.00691372333958207,0.00164346365489432,71288.6529819534,41
"592",2016,0.00394507877534456,-0.0100458682134352,0.00319190180353918,-0.0131954191446894,-0.0089548225982784,58556.5303268724,42
"593",2016,0.00543455255333125,0.0137554454467004,0.00969350079371062,0.0249738263216586,0.0219730960627791,79642.2374400121,43
"594",2016,0.0104063541168895,-0.00529500420621465,-0.000670202316999657,-0.00554600396768279,0.0197772775143472,56226.3125549123,44
"595",2016,-0.0151420621608711,-0.00681120279837955,-0.0146488274084233,-0.0207460408484581,-0.00559751473850212,58539.0836107216,45
"596",2016,0.0157831411084703,0.0219621208924288,0.00390368657105838,-4.69034354161346e-05,-0.00521956988385103,137299.257074489,46
"597",2016,0.0111082318797308,-0.00086416709314524,0.000898108381037321,-0.0153028090002655,-0.0245910825032986,96791.7883674628,47
"598",2016,-0.00331302780499554,0.0207226077587782,0.0317609437205537,0.0245034436799466,0.0189245551671477,82187.8619192396,48
"599",2016,0.0160438476774985,0.00253904584307818,0.00998325600885686,0.0286644358908753,0.0519222821937219,65761.2538385502,49
"600",2016,0.0112039529300398,0.0136223278284017,0.0218429889651072,0.013041270850682,0.0128346398784899,86080.805830054,50
"601",2017,0.0102173302244793,-0.0020547032952174,0.00309554014087088,0.0063087752954113,0.0101340867925099,72871.0848032705,1
"602",2017,-0.0144784656823595,-0.0180593979131799,-0.0124511642708724,-0.00651738333046092,-0.00138763429054123,75622.4715387367,2
"603",2017,0.0226017313142368,0.0192004170643764,0.0267714404590774,0.00982488402719056,0.00744790299809006,90891.3875953626,3
"604",2017,-0.00540627161864748,-0.0135998608110307,-0.0091520890999297,-0.0088067428945271,-0.0154646076999458,36104.718332481,4
"605",2017,-0.00689233270479933,-0.0135033737990033,-0.0195159233273114,-0.0123787219289576,0.00899959490562585,123140.670962739,5
"606",2017,0.00628769103033661,0.00134997802887782,0.0103081040289312,0.0113098067586994,0.00681311916267802,76323.2047116004,6
"607",2017,0.0195722179635941,0.0118197773063357,-0.00556300879484983,0.00534662993155444,0.00931306412406685,121543.006278685,7
"608",2017,-0.0255051693859967,-0.0143491160608086,-0.00356182753829226,0.0360561158593006,0.0202222842957157,137125.063852032,8
"609",2017,-0.00275688611759162,0.00297362259755729,0.00398223522375163,0.034305564126569,0.0423979349045016,83944.6540580276,9
"610",2017,-0.0055232136085781,-0.00437450523681981,-0.0135937951650988,-0.0156819854380829,-0.00784382941325823,102522.500192552,10
"611",2017,0.00591844110605655,0.0050215167252422,0.014543077577431,-0.00115796769967491,0.0032202840407427,63852.4377945993,11
"612",2017,-0.00681033969661232,0.00125684433408579,-0.0149245225447287,-0.0163715346478124,0.00822492017679521,117264.67097712,12
"613",2017,0.0025509053509053,-0.00284852240992678,0.00154046356081311,-0.00411129079009925,0.0049703976310122,60551.0531424964,13
"614",2017,0.0254542720699526,0.013383369750382,0.0337412234880224,0.0352721775298112,0.015246031497942,62858.9620597374,14
"615",2017,-0.00780901768412878,-0.00734972324251165,0.00109146513553771,0.00671152748766757,0.0238894945924259,92656.8215628629,15
"616",2017,-0.00950656736066596,-0.00166514493272985,-0.00702013325509354,-0.00109893857707721,-0.00825825511081657,85173.1365245749,16
"617",2017,-0.00392227485499602,0.00860218442598482,0.0215745135319138,0.00530884901173495,0.00860180516076592,117507.794481376,17
"618",2017,-0.00363824161452647,-0.0146235788945235,-0.0181784846577728,-0.026095176045359,-0.0163339986352519,64057.926359222,18
"619",2017,-0.00796866893528647,-0.00178224950983347,0.0138467795315568,0.00190852852957152,0.011262973579797,78708.4718444106,19
"620",2017,0.0198180773848691,0.00876818105937321,0.00992713747563506,0.0130517386810742,0.0197694208560638,60064.9356911199,20
"621",2017,0.00721939151795808,-0.00862729563294573,-0.00330249306703356,-0.000416978529543921,-0.0110624190420832,75851.6353292027,21
"622",2017,0.00993074631988772,0.014685595204686,0.0218006805532267,0.0266634213548553,-0.00512950752262697,77040.7066149328,22
"623",2017,0.00957000709344297,-0.0153393380097228,-0.00308764870522571,0.00559527735277088,0.0209014885089281,50219.479720554,23
"624",2017,-0.00237291538186202,-0.00604645572650564,-0.00715045832486949,0.0137024246659799,-0.00505358543652829,77016.7809187193,24
"625",2017,0.00882824918802272,0.0141156930964984,0.00838842734079515,0.00518683339610415,0.0356021628770631,59961.1151421426,25
"626",2017,-0.00178822377760107,-0.00849660762477744,-0.00524857328021644,-0.0166289867006671,-0.000784032385016009,69645.578348803,26
"627",2017,-0.0121150308322347,-0.00933910482221095,-0.00707790181694401,0.0150814048042794,0.0479245095764569,54216.5889590272,27
"628",2017,-0.00536378592375475,-0.0201153101623775,-0.016540912949047,-0.0115194451407131,-0.00757180327082296,92459.3567802043,28
"629",2017,0.00740859246709119,0.0166364319489616,0.0114159306698964,0.0192452321293143,0.0164909774945326,85145.862634375,29
"630",2017,-0.00489541536077226,-0.0134738346400006,-0.0137315863929625,-0.00386869854501948,0.0126663391273634,69907.2867496837,30
"631",2017,-0.0149195816657625,-0.017847510463396,-0.00833660025715655,-0.0156843097741527,-0.0109358413985836,103620.050812641,31
"632",2017,-0.0025453332887494,0.0033891464176361,0.0135553039165601,0.0344984859184567,0.0217978973292283,71075.73694337,32
"633",2017,0.0169892440676176,0.0254296962254535,0.0167637498983318,0.0240846204239888,0.00388780050634335,105559.842746268,33
"634",2017,0.0151123469404438,0.0242978192364531,0.0138552532621654,-0.00917825666571687,0.00420773161705362,44286.5913964086,34
"635",2017,-0.00614206627261704,-0.00243277958104138,-0.00197731735269358,-0.00798169658055764,0.0122999204819242,88297.965033237,35
"636",2017,-0.0178597709441511,-0.0119934823820143,-0.0130131895579908,-0.00193644853085773,0.0103739767140393,87541.3292982641,36
"637",2017,-0.0155866821997941,-0.00521910592366354,-0.00248023893185917,-0.0104438702940736,0.0236697881741375,52442.3539730225,37
"638",2017,-0.00409289774691152,-0.00925596271185314,-0.00355498448709157,0.00729785265461785,0.014466710030759,97839.5973358396,38
"639",2017,-0.00636302348456164,0.000376629307290766,0.00465354702189374,0.0030734530005041,0.00801267128319594,68870.0536079331,39
"640",2017,-0.00268599291572602,-0.00277343686930609,0.00486908208675307,0.0015768113321673,0.00413978564003703,98402.0515051083,40
"641",2017,-0.022647157192843,-0.013257014544038,-0.0109313664089478,-0.000283606884122267,0.0068032526156101,71126.3741059979,41
"642",2017,0.00750345794194685,-0.0154629682883987,-0.000741931501008763,-0.0191751107722135,-0.0124385843867335,61619.8376828807,42
"643",2017,0.00309422496521278,0.0173925918336893,0.0198464690846666,0.0333703952740985,0.0228717284776652,77949.7714839422,43
"644",2017,0.0064751332111217,-0.00811562572521951,-0.00439854806434825,-0.00427837867186809,0.0292761487458159,56034.6287338194,44
"645",2017,-0.0121298939718839,-0.00416795417243065,-0.0205283833242885,-0.0260582111819778,-0.0122911549171045,50914.7540601306,45
"646",2017,0.00728965462924536,0.0238531654558427,0.0218850920553029,0.00839160627361435,0.00873574359996376,129950.894859417,46
"647",2017,0.00453424957646598,-0.011672982810881,0.00491524677116728,-0.0152054469428508,-0.0301492898996871,96663.8088656561,47
"648",2017,-0.0131644033006398,0.0167421462781669,0.0201033297661104,0.00911040887283199,0.0059204767337448,85846.3528654527,48
"649",2017,0.0212884069071336,0.00893038056409484,0.0192345347884607,0.0319428600242131,0.0618564003394492,68456.3371588839,49
"650",2017,0.0102151029999866,0.012891417286079,0.0177526367857094,0.00824552431371739,0.00505457884374438,89957.6860649814,50
"651",2018,0.00351682565174022,-0.00115833716041142,-0.00143844639386292,-0.0053506869395557,-0.00349076029085649,83262.2781999891,1
"652",2018,-0.00674095388821105,-0.00232950277919808,-0.000469448910971004,0.00648275669827253,0.00351021265771456,138426.924816588,2
"653",2018,0.0156468771870908,0.000106553224724582,0.00993085266410371,-0.00115683976567182,0.00248394135062469,91501.1883468726,3
"654",2018,-0.00257416757773532,-0.00218016312211888,-0.0120174451492485,-0.0196840840570397,-0.0103443271059468,46950.3249416423,4
"655",2018,-0.00383931445061136,0.00236161368094095,-0.00319439528593557,-0.00890871891594353,3.74464100622585e-05,104536.838521646,5
"656",2018,0.00253336505694923,0.00441389949073057,0.00810713975710542,-0.00178871325977736,-0.0069941202067238,72066.5449619553,6
"657",2018,0.00768635564130071,0.0115634198092403,0.00122629339788516,-0.00171790699135604,0.0097875698069903,101780.256369166,7
"658",2018,-0.018985898532941,-0.0097885565425096,-0.00963956537152388,0.0019702668128484,0.00322753749450932,95450.9449680117,8
"659",2018,0.0015895129079796,-0.0014976442021587,0.00615238099130455,0.0276246304597721,0.0397489177138042,85133.2684454046,9
"660",2018,0.000351445335801281,-0.00859862148764279,-0.0128683618713603,-0.00687605893551113,0.000832984374399826,79607.2036159963,10
"661",2018,0.00219356667620002,0.0109939721216362,0.010920338599673,0.00217321173650931,0.00418471365846518,68161.0920363496,11
"662",2018,0.00332978525539068,0.0196207240601956,0.00377208763667136,0.00665451022635133,0.00361483773075,103371.742227278,12
"663",2018,-0.00435796557497281,-0.0111744687305755,-0.0148123900212809,-0.0149096354527757,-0.0202538689525166,80653.295803147,13
"664",2018,0.012782474898756,0.0156197685856244,0.0272691681623299,0.0128527357049689,0.000230081911483715,103074.106820153,14
"665",2018,-0.00515780460617987,-0.0091161382510197,-0.0111850713237519,-0.00428003590183823,0.0133281932171523,88926.2751410116,15
"666",2018,-0.00801672495614059,-0.00350982341573625,0.00149247722054668,0.0066614662315615,-0.00716819882424802,82426.6490869827,16
"667",2018,0.00621093361782699,0.000373425113775638,0.00497228817298018,0.000498362088157067,-0.00689988227156862,100248.398160781,17
"668",2018,-0.00346767532850961,0.0021824457391022,-0.000922599064667018,-0.00493325270364758,-0.00719169680970472,67645.9977381736,18
"669",2018,0.00614552890017106,0.0030620571419871,0.0208385845130801,0.0126455605317187,0.024066281723239,63190.6322707416,19
"670",2018,0.0136054614637258,7.53243405747783e-05,0.0120237833902899,0.00839310201943222,0.0110387745274214,72017.8240228736,20
"671",2018,-0.00456301983635493,-0.00360829972285204,-0.00206759206093171,-0.014788628914187,-0.0100109502016581,101610.870248634,21
"672",2018,0.00651688412932305,0.0203641937014434,0.0185567792123582,0.00767149742076129,-0.0147146788520791,111513.53378512,22
"673",2018,0.00707241507841916,-0.00354618640624821,-0.00463381818868563,0.00902949548222032,0.0216617677659586,72819.2573164838,23
"674",2018,-0.00439050287516646,-0.0100905710375512,-0.0188544033039086,-0.0190587634210716,0.00822995836118712,91876.6896312113,24
"675",2018,0.0196860148722293,0.0234152520125022,0.0232336447629897,0.0124042537087777,0.0103300268889472,103507.848372043,25
"676",2018,0.0113529313094471,-0.000853662728033888,0.0150346167920969,0.00796340101709292,0.00427630759831682,89680.7167823512,26
"677",2018,-0.00268531615100082,0.00429567574147971,-0.000316366515410282,0.00521941800538522,0.00719773565321974,106499.291045908,27
"678",2018,0.0139572509119522,-0.00727799021952563,0.00504980662070625,-0.000327043804827509,0.00974123546838945,84707.155460217,28
"679",2018,0.0126171654698168,0.0174853620550581,0.0168143844597919,0.0181465746696272,0.0120868627693111,120952.19935245,29
"680",2018,0.00568120643215514,-0.00779580270547209,-0.00388522179151829,-0.00436160570640004,0.00882024659492442,80304.042957672,30
"681",2018,0.00271359857412196,0.000457126919985174,0.0161787246677284,0.00691447496887032,0.00188268423124766,118953.747006917,31
"682",2018,-0.00841837278592444,0.00647097374451328,0.024396091008726,0.0373550767628642,0.0124133359627764,83980.4933090539,32
"683",2018,0.0023787312730254,-0.00340773641183301,-0.00136406206624146,0.0143072018674024,0.00141079475073935,77675.5035982214,33
"684",2018,0.012390042595772,0.0238169853171237,0.0186116851339114,-0.00145788156444598,-0.0072447399088878,61558.887860414,34
"685",2018,-0.00046152160396129,-0.00654436269372166,-0.00644918225026497,-4.82328470677862e-05,0.0111853318851542,98726.2772008026,35
"686",2018,0.00751059565147044,-9.59095090732331e-05,-0.00237486441308848,0.00130599077146137,0.00712098639172604,107484.035984727,36
"687",2018,-0.0137168985323038,-0.0113249958661766,-0.012716482843876,-0.020410207463321,-0.00359043078273996,82904.2956974349,37
"688",2018,-0.00825863268924742,-0.0105674471097397,-0.0065574891956176,0.00276824752317717,0.0124685726834687,86528.1510962281,38
"689",2018,0.011786160768724,0.0209452961113841,0.0233243073654528,0.014260724971941,0.019991699958549,117066.143244355,39
"690",2018,-0.0135087584628289,-0.00538999893859393,-0.00878202924764648,-0.0109174495579537,0.00472104523285849,115822.239917467,40
"691",2018,-0.024956167432412,-0.0237656229639038,-0.0104707685583152,-0.0104784405297778,-0.000594788539611757,104869.894060561,41
"692",2018,0.000809141626896659,-0.00991487240471539,-0.00613655870370894,-0.0121020099512477,-0.0107640988861966,61091.8122805347,42
"693",2018,0.0102972843572415,0.0202088649423,0.0183535944104788,0.023566958616279,0.0143524634123157,95731.2625886042,43
"694",2018,0.0084401379670811,-0.0104395242371081,0.00441426768466224,0.00645783249064136,0.0256260720186998,63660.4847907198,44
"695",2018,-0.0230569662291479,-0.012072962407769,-0.0132960479776827,-0.0245318805549593,-0.00514594051961698,72083.2148513231,45
"696",2018,0.0285329364980664,0.00970202277305399,0.0258368634187464,0.0147813960676672,0.00938984491029538,99663.8682885674,46
"697",2018,-0.00215496635130469,-0.00903004812010971,-0.00369751256100453,-0.0142356394532879,-0.0266197715933491,84641.4615675119,47
"698",2018,0.00201995799020538,0.00517608923155993,0.00439266461197008,-0.0035990307748125,-0.00354550866165443,91477.2456942477,48
"699",2018,0.0144954976364305,0.0153873436938812,0.0258498114483409,0.0261616126438665,0.0273534732358506,73543.0688115665,49
"700",2018,0.0061376064201602,0.0134463749602056,0.0169946757892305,0.0058639520388723,0.00504611118847564,71087.1376020938,50
