year,fips,income_adjusted_to_2000
1995,00000,26749
1995,01000,22540
1995,01001,21925
1995,01003,23968
1995,01005,18030
1995,01007,17395
1995,01009,18738
1995,01011,15486
1995,01013,17649
1995,01015,21184
1995,01017,18843
1995,01019,17772
1995,01021,18984
1995,01023,18781
1995,01025,19207
1995,01027,20333
1995,01029,19552
1995,01031,21762
1995,01033,21385
1995,01035,18727
1995,01037,16742
1995,01039,18977
1995,01041,19663
1995,01043,20273
1995,01045,20994
1995,01047,18524
1995,01049,18974
1995,01051,21903
1995,01053,17895
1995,01055,20551
1995,01057,19068
1995,01059,20259
1995,01061,20316
1995,01063,15867
1995,01065,16606
1995,01067,19565
1995,01069,23401
1995,01071,20175
1995,01073,27219
1995,01075,19131
1995,01077,22441
1995,01079,18765
1995,01081,20343
1995,01083,21668
1995,01085,15671
1995,01087,16347
1995,01089,26879
1995,01091,19718
1995,01093,18791
1995,01095,23065
1995,01097,20782
1995,01099,18595
1995,01101,26237
1995,01103,24381
1995,01105,15256
1995,01107,17436
1995,01109,20299
1995,01111,17752
1995,01113,18787
1995,01115,19827
1995,01117,30025
1995,01119,16067
1995,01121,18152
1995,01123,21652
1995,01125,22835
1995,01127,20839
1995,01129,17852
1995,01131,14697
1995,01133,20425
1995,02000,29913
1995,02010,NA
1995,02013,22793
1995,02016,31250
1995,02020,32887
1995,02050,20545
1995,02060,44063
1995,02063,NA
1995,02066,NA
1995,02068,28559
1995,02070,26227
1995,02090,27097
1995,02100,31218
1995,02105,NA
1995,02110,37610
1995,02122,27454
1995,02130,36438
1995,02150,26502
1995,02158,13348
1995,02164,19371
1995,02170,25659
1995,02180,22584
1995,02185,48305
1995,02188,21507
1995,02195,NA
1995,02198,NA
1995,02201,21695
1995,02220,28764
1995,02230,NA
1995,02231,NA
1995,02232,25685
1995,02240,23216
1995,02261,30469
1995,02275,NA
1995,02280,28032
1995,02282,26822
1995,02290,20558
1995,02901,NA
1995,02903,NA
1995,02904,NA
1995,02905,NA
1995,02907,NA
1995,02908,NA
1995,02910,NA
1995,02912,NA
1995,02916,NA
1995,02919,NA
1995,02920,NA
1995,02921,NA
1995,02922,NA
1995,02923,NA
1995,02924,NA
1995,02925,NA
1995,02926,NA
1995,02928,NA
1995,02929,NA
1995,04000,23515
1995,04001,12758
1995,04003,19005
1995,04005,20442
1995,04007,18437
1995,04009,14629
1995,04011,20584
1995,04012,16628
1995,04013,25981
1995,04015,17755
1995,04017,14365
1995,04019,22894
1995,04021,16470
1995,04023,16221
1995,04025,20518
1995,04027,20250
1995,05000,21078
1995,05001,22970
1995,05003,20684
1995,05005,21028
1995,05007,26160
1995,05009,19708
1995,05011,18718
1995,05013,16513
1995,05015,18898
1995,05017,17018
1995,05019,18038
1995,05021,17837
1995,05023,19298
1995,05025,18675
1995,05027,19971
1995,05029,19745
1995,05031,20647
1995,05033,17546
1995,05035,19105
1995,05037,18961
1995,05039,19079
1995,05041,18149
1995,05043,19216
1995,05045,21890
1995,05047,19080
1995,05049,14593
1995,05051,23221
1995,05053,19970
1995,05055,18206
1995,05057,18240
1995,05059,17301
1995,05061,21547
1995,05063,19773
1995,05065,16385
1995,05067,19172
1995,05069,19300
1995,05071,17793
1995,05073,15891
1995,05075,17430
1995,05077,14920
1995,05079,14721
1995,05081,19681
1995,05083,18275
1995,05085,21833
1995,05087,18066
1995,05089,17027
1995,05091,18931
1995,05093,18858
1995,05095,17777
1995,05097,16440
1995,05099,17149
1995,05101,13800
1995,05103,18292
1995,05105,19323
1995,05107,16564
1995,05109,19034
1995,05111,18771
1995,05113,17544
1995,05115,20111
1995,05117,18829
1995,05119,27481
1995,05121,16547
1995,05123,16993
1995,05125,21145
1995,05127,17676
1995,05129,15196
1995,05131,23528
1995,05133,19460
1995,05135,16774
1995,05137,15899
1995,05139,23064
1995,05141,17064
1995,05143,21583
1995,05145,18261
1995,05147,18111
1995,05149,18599
1995,06000,27907
1995,06001,30518
1995,06003,21808
1995,06005,21801
1995,06007,20743
1995,06009,21470
1995,06011,25409
1995,06013,35916
1995,06015,17520
1995,06017,29821
1995,06019,21501
1995,06021,18499
1995,06023,21461
1995,06025,19524
1995,06027,23734
1995,06029,20687
1995,06031,17942
1995,06033,21332
1995,06035,20212
1995,06037,26926
1995,06039,17926
1995,06041,51365
1995,06043,20851
1995,06045,22270
1995,06047,18399
1995,06049,21160
1995,06051,22495
1995,06053,28457
1995,06055,31315
1995,06057,24567
1995,06059,31958
1995,06061,31570
1995,06063,22732
1995,06065,22152
1995,06067,26946
1995,06069,24766
1995,06071,21026
1995,06073,27506
1995,06075,41090
1995,06077,22383
1995,06079,23888
1995,06081,41085
1995,06083,29061
1995,06085,36054
1995,06087,30208
1995,06089,23128
1995,06091,21085
1995,06093,20845
1995,06095,24827
1995,06097,29573
1995,06099,21234
1995,06101,24066
1995,06103,17685
1995,06105,19050
1995,06107,19189
1995,06109,20988
1995,06111,30339
1995,06113,26912
1995,06115,17581
1995,08000,28322
1995,08003,20321
1995,08005,34230
1995,08007,18441
1995,08009,21988
1995,08011,18258
1995,08014,NA
1995,08015,20164
1995,08017,30293
1995,08019,27095
1995,08021,15400
1995,08023,18446
1995,08025,14064
1995,08027,21146
1995,08029,19086
1995,08031,32041
1995,08033,20987
1995,08035,44770
1995,08037,33923
1995,08039,27528
1995,08041,25871
1995,08043,17698
1995,08045,25600
1995,08047,29953
1995,08049,25208
1995,08051,21082
1995,08053,25218
1995,08055,16727
1995,08057,19335
1995,08061,30301
1995,08063,24228
1995,08065,20369
1995,08067,24978
1995,08069,25783
1995,08071,19191
1995,08073,19910
1995,08075,22706
1995,08077,22610
1995,08079,21853
1995,08081,23876
1995,08083,21238
1995,08085,21198
1995,08087,21575
1995,08089,20620
1995,08091,24290
1995,08093,26528
1995,08095,19852
1995,08097,51930
1995,08099,19751
1995,08101,21839
1995,08103,21133
1995,08105,22136
1995,08107,29164
1995,08109,17692
1995,08111,21263
1995,08113,31866
1995,08115,24588
1995,08117,31148
1995,08119,27489
1995,08121,24865
1995,08125,22589
1995,09000,36010
1995,09001,48668
1995,09003,33091
1995,09005,33024
1995,09007,32935
1995,09009,31258
1995,09011,30244
1995,09013,29522
1995,09015,25679
1995,10000,28216
1995,10001,23154
1995,10003,31074
1995,10005,22686
1995,11000,36346
1995,11001,36346
1995,12000,26623
1995,12001,23564
1995,12003,18084
1995,12005,23303
1995,12007,17492
1995,12009,24577
1995,12011,29773
1995,12013,16054
1995,12015,23465
1995,12017,20005
1995,12019,25392
1995,12021,38555
1995,12023,18931
1995,12027,18505
1995,12029,15550
1995,12031,26677
1995,12033,22339
1995,12035,22864
1995,12037,19173
1995,12039,18566
1995,12041,17488
1995,12043,17199
1995,12045,19447
1995,12047,15470
1995,12049,17336
1995,12051,20476
1995,12053,21092
1995,12055,20595
1995,12057,25694
1995,12059,16646
1995,12061,34983
1995,12063,18015
1995,12065,19892
1995,12067,15644
1995,12069,23491
1995,12071,26296
1995,12073,25650
1995,12075,17804
1995,12077,16544
1995,12079,16260
1995,12081,27886
1995,12083,21017
1995,12085,38893
1995,12086,24346
1995,12087,32437
1995,12089,26038
1995,12091,26015
1995,12093,17624
1995,12095,24561
1995,12097,18873
1995,12099,40258
1995,12101,21160
1995,12103,28882
1995,12105,22433
1995,12107,18244
1995,12109,32304
1995,12111,20713
1995,12113,22651
1995,12115,35392
1995,12117,27866
1995,12119,16200
1995,12121,20096
1995,12123,18996
1995,12125,13216
1995,12127,21856
1995,12129,20726
1995,12131,18642
1995,12133,17597
1995,13000,25194
1995,13001,18900
1995,13003,19391
1995,13005,18555
1995,13007,20630
1995,13009,22485
1995,13011,20699
1995,13013,21152
1995,13015,22475
1995,13017,19900
1995,13019,20644
1995,13021,25445
1995,13023,20369
1995,13025,16501
1995,13027,18288
1995,13029,22318
1995,13031,18336
1995,13033,16638
1995,13035,20199
1995,13037,19373
1995,13039,20791
1995,13043,19715
1995,13045,20258
1995,13047,19618
1995,13049,14819
1995,13051,25681
1995,13053,16779
1995,13055,18246
1995,13057,26419
1995,13059,21277
1995,13061,18859
1995,13063,21105
1995,13065,18592
1995,13067,31618
1995,13069,20310
1995,13071,19991
1995,13073,27718
1995,13075,18034
1995,13077,23988
1995,13079,18276
1995,13081,20244
1995,13083,17925
1995,13085,23300
1995,13087,20450
1995,13089,27979
1995,13091,18079
1995,13093,18723
1995,13095,21633
1995,13097,23690
1995,13099,20533
1995,13101,17922
1995,13103,21407
1995,13105,19674
1995,13107,18106
1995,13109,20069
1995,13111,18390
1995,13113,31749
1995,13115,22750
1995,13117,32394
1995,13119,21514
1995,13121,36918
1995,13123,20424
1995,13125,21093
1995,13127,26730
1995,13129,20976
1995,13131,17627
1995,13133,20331
1995,13135,29141
1995,13137,21300
1995,13139,23139
1995,13141,15150
1995,13143,19957
1995,13145,24635
1995,13147,19156
1995,13149,18056
1995,13151,24818
1995,13153,23794
1995,13155,20035
1995,13157,22183
1995,13159,21027
1995,13161,19730
1995,13163,18029
1995,13165,16823
1995,13167,17793
1995,13169,22279
1995,13171,18807
1995,13173,18175
1995,13175,21226
1995,13177,23017
1995,13179,17315
1995,13181,18813
1995,13183,14734
1995,13185,21114
1995,13187,20486
1995,13189,20684
1995,13191,17547
1995,13193,18126
1995,13195,20848
1995,13197,16325
1995,13199,17897
1995,13201,22850
1995,13205,19015
1995,13207,21707
1995,13209,17038
1995,13211,22980
1995,13213,18848
1995,13215,23580
1995,13217,21225
1995,13219,28590
1995,13221,20028
1995,13223,20929
1995,13225,22609
1995,13227,24244
1995,13229,19026
1995,13231,20311
1995,13233,17864
1995,13235,21882
1995,13237,21553
1995,13239,17330
1995,13241,20662
1995,13243,17475
1995,13245,21716
1995,13247,25560
1995,13249,19807
1995,13251,18710
1995,13253,21453
1995,13255,20584
1995,13257,21039
1995,13259,17135
1995,13261,21575
1995,13263,16905
1995,13265,16737
1995,13267,19764
1995,13269,17925
1995,13271,17682
1995,13273,17745
1995,13275,22387
1995,13277,21533
1995,13279,20162
1995,13281,20438
1995,13283,16072
1995,13285,22514
1995,13287,18113
1995,13289,17135
1995,13291,19154
1995,13293,19494
1995,13295,19952
1995,13297,22127
1995,13299,18942
1995,13301,16990
1995,13303,20748
1995,13305,19286
1995,13307,20074
1995,13309,16573
1995,13311,22571
1995,13313,24355
1995,13315,19618
1995,13317,20630
1995,13319,19557
1995,13321,20312
1995,15000,29220
1995,15001,21265
1995,15003,31294
1995,15007,25113
1995,15901,25181
1995,16000,22948
1995,16001,30880
1995,16003,18238
1995,16005,20425
1995,16007,16136
1995,16009,20263
1995,16011,18829
1995,16013,38403
1995,16015,21447
1995,16017,19141
1995,16019,23321
1995,16021,16397
1995,16023,19113
1995,16025,20384
1995,16027,19410
1995,16029,20926
1995,16031,20733
1995,16033,28870
1995,16035,19530
1995,16037,21751
1995,16039,20271
1995,16041,16328
1995,16043,17315
1995,16045,19303
1995,16047,22708
1995,16049,18077
1995,16051,18014
1995,16053,21989
1995,16055,22834
1995,16057,21570
1995,16059,19579
1995,16061,21356
1995,16063,18565
1995,16065,13430
1995,16067,18324
1995,16069,24204
1995,16071,17009
1995,16073,17379
1995,16075,17647
1995,16077,21643
1995,16079,18349
1995,16081,17197
1995,16083,21851
1995,16085,26155
1995,16087,18386
1995,17000,29045
1995,17001,23111
1995,17003,16686
1995,17005,20330
1995,17007,26645
1995,17009,16286
1995,17011,22502
1995,17013,20490
1995,17015,23180
1995,17017,21342
1995,17019,24114
1995,17021,22716
1995,17023,20943
1995,17025,19868
1995,17027,22872
1995,17029,21921
1995,17031,30516
1995,17033,20509
1995,17035,22013
1995,17037,23869
1995,17039,23597
1995,17041,22075
1995,17043,39802
1995,17045,19071
1995,17047,20494
1995,17049,23119
1995,17051,18564
1995,17053,23805
1995,17055,19128
1995,17057,19634
1995,17059,19047
1995,17061,16577
1995,17063,26729
1995,17065,19009
1995,17067,21833
1995,17069,18625
1995,17071,19297
1995,17073,22316
1995,17075,22320
1995,17077,20366
1995,17079,20738
1995,17081,20858
1995,17083,22217
1995,17085,25520
1995,17087,15662
1995,17089,29134
1995,17091,23664
1995,17093,27579
1995,17095,21768
1995,17097,41177
1995,17099,22934
1995,17101,22001
1995,17103,21144
1995,17105,22678
1995,17107,20940
1995,17109,19810
1995,17111,29939
1995,17113,26410
1995,17115,24568
1995,17117,22384
1995,17119,24681
1995,17121,22290
1995,17123,22946
1995,17125,20663
1995,17127,20133
1995,17129,25403
1995,17131,21712
1995,17133,26303
1995,17135,20535
1995,17137,21633
1995,17139,21300
1995,17141,23354
1995,17143,25928
1995,17145,18466
1995,17147,25555
1995,17149,18366
1995,17151,16765
1995,17153,18166
1995,17155,24721
1995,17157,18595
1995,17159,22504
1995,17161,25202
1995,17163,23285
1995,17165,19659
1995,17167,28086
1995,17169,19299
1995,17171,18541
1995,17173,20271
1995,17175,21503
1995,17177,25869
1995,17179,24858
1995,17181,19843
1995,17183,21227
1995,17185,21356
1995,17187,18630
1995,17189,22958
1995,17191,20547
1995,17193,21880
1995,17195,23095
1995,17197,28044
1995,17199,21324
1995,17201,26298
1995,17203,23958
1995,18000,24981
1995,18001,21078
1995,18003,27674
1995,18005,28102
1995,18007,21336
1995,18009,19837
1995,18011,32097
1995,18013,23751
1995,18015,22585
1995,18017,22302
1995,18019,23653
1995,18021,20915
1995,18023,21998
1995,18025,17278
1995,18027,20256
1995,18029,23498
1995,18031,22655
1995,18033,23925
1995,18035,23115
1995,18037,26394
1995,18039,25430
1995,18041,22437
1995,18043,26495
1995,18045,20943
1995,18047,21013
1995,18049,21913
1995,18051,21735
1995,18053,22325
1995,18055,20372
1995,18057,39419
1995,18059,29435
1995,18061,22286
1995,18063,27639
1995,18065,22797
1995,18067,26726
1995,18069,23585
1995,18071,21404
1995,18073,22031
1995,18075,19282
1995,18077,20883
1995,18079,21464
1995,18081,27416
1995,18083,22568
1995,18085,25150
1995,18087,18998
1995,18089,24161
1995,18091,23047
1995,18093,22346
1995,18095,23570
1995,18097,27883
1995,18099,23006
1995,18101,20661
1995,18103,20858
1995,18105,21894
1995,18107,23512
1995,18109,24091
1995,18111,21092
1995,18113,22315
1995,18115,21586
1995,18117,19862
1995,18119,18889
1995,18121,20050
1995,18123,19097
1995,18125,20372
1995,18127,28748
1995,18129,23376
1995,18131,20946
1995,18133,20982
1995,18135,21197
1995,18137,22374
1995,18139,21776
1995,18141,24927
1995,18143,20148
1995,18145,24201
1995,18147,20563
1995,18149,17970
1995,18151,24322
1995,18153,19930
1995,18155,18601
1995,18157,22942
1995,18159,25522
1995,18161,21220
1995,18163,26129
1995,18165,21409
1995,18167,21955
1995,18169,22949
1995,18171,18465
1995,18173,25506
1995,18175,19360
1995,18177,22706
1995,18179,24032
1995,18181,23745
1995,18183,24621
1995,19000,24235
1995,19001,19722
1995,19003,19155
1995,19005,19726
1995,19007,18362
1995,19009,21857
1995,19011,22417
1995,19013,23077
1995,19015,25076
1995,19017,23701
1995,19019,20750
1995,19021,22162
1995,19023,21556
1995,19025,22165
1995,19027,23478
1995,19029,21681
1995,19031,24223
1995,19033,23777
1995,19035,22375
1995,19037,22719
1995,19039,17115
1995,19041,23891
1995,19043,21096
1995,19045,22440
1995,19047,21017
1995,19049,27123
1995,19051,17827
1995,19053,15684
1995,19055,20445
1995,19057,23666
1995,19059,27276
1995,19061,24506
1995,19063,21771
1995,19065,20194
1995,19067,21333
1995,19069,22315
1995,19071,21351
1995,19073,23314
1995,19075,26723
1995,19077,21592
1995,19079,24785
1995,19081,21850
1995,19083,23525
1995,19085,21472
1995,19087,21683
1995,19089,21160
1995,19091,24824
1995,19093,21963
1995,19095,24715
1995,19097,20040
1995,19099,24619
1995,19101,22887
1995,19103,26576
1995,19105,18916
1995,19107,19624
1995,19109,21983
1995,19111,22213
1995,19113,27457
1995,19115,21273
1995,19117,19066
1995,19119,21011
1995,19121,21583
1995,19123,20976
1995,19125,22860
1995,19127,24957
1995,19129,25979
1995,19131,23294
1995,19133,20395
1995,19135,20986
1995,19137,22126
1995,19139,24290
1995,19141,22594
1995,19143,22187
1995,19145,22279
1995,19147,21492
1995,19149,23595
1995,19151,22808
1995,19153,29777
1995,19155,22936
1995,19157,23549
1995,19159,16760
1995,19161,21179
1995,19163,26032
1995,19165,21736
1995,19167,22027
1995,19169,24188
1995,19171,22076
1995,19173,16244
1995,19175,20374
1995,19177,17821
1995,19179,21148
1995,19181,23533
1995,19183,24291
1995,19185,17447
1995,19187,23459
1995,19189,22555
1995,19191,21136
1995,19193,24155
1995,19195,21897
1995,19197,23417
1995,20000,25324
1995,20001,19462
1995,20003,17710
1995,20005,19421
1995,20007,19358
1995,20009,22061
1995,20011,20075
1995,20013,20030
1995,20015,24439
1995,20017,22490
1995,20019,17362
1995,20021,18060
1995,20023,25296
1995,20025,23144
1995,20027,22944
1995,20029,21115
1995,20031,21911
1995,20033,21223
1995,20035,20987
1995,20037,20318
1995,20039,21003
1995,20041,21620
1995,20043,19706
1995,20045,21700
1995,20047,23899
1995,20049,19665
1995,20051,22383
1995,20053,19807
1995,20055,21567
1995,20057,22068
1995,20059,21137
1995,20061,21302
1995,20063,22544
1995,20065,20767
1995,20067,22810
1995,20069,23290
1995,20071,28097
1995,20073,18576
1995,20075,22621
1995,20077,20906
1995,20079,23123
1995,20081,31743
1995,20083,24259
1995,20085,23034
1995,20087,21720
1995,20089,22952
1995,20091,37941
1995,20093,21784
1995,20095,21073
1995,20097,21334
1995,20099,19535
1995,20101,23124
1995,20103,22378
1995,20105,18965
1995,20107,20135
1995,20109,20783
1995,20111,20430
1995,20113,23540
1995,20115,19122
1995,20117,23010
1995,20119,25052
1995,20121,23678
1995,20123,22793
1995,20125,20527
1995,20127,18966
1995,20129,20860
1995,20131,22013
1995,20133,21018
1995,20135,23477
1995,20137,20747
1995,20139,19987
1995,20141,21804
1995,20143,20599
1995,20145,23207
1995,20147,23533
1995,20149,21677
1995,20151,23180
1995,20153,22048
1995,20155,22968
1995,20157,23308
1995,20159,18831
1995,20161,20653
1995,20163,20293
1995,20165,18923
1995,20167,20932
1995,20169,25915
1995,20171,26271
1995,20173,27158
1995,20175,22439
1995,20177,26139
1995,20179,23423
1995,20181,22977
1995,20183,22525
1995,20185,21767
1995,20187,27609
1995,20189,25645
1995,20191,21995
1995,20193,22938
1995,20195,18817
1995,20197,25104
1995,20199,22290
1995,20201,19538
1995,20203,33502
1995,20205,18906
1995,20207,17043
1995,20209,19296
1995,21000,21877
1995,21001,16688
1995,21003,17843
1995,21005,21973
1995,21007,21742
1995,21009,20290
1995,21011,15735
1995,21013,15531
1995,21015,25625
1995,21017,22980
1995,21019,23341
1995,21021,21264
1995,21023,17846
1995,21025,15309
1995,21027,17459
1995,21029,20510
1995,21031,15758
1995,21033,20108
1995,21035,22272
1995,21037,23040
1995,21039,21085
1995,21041,18658
1995,21043,14918
1995,21045,15542
1995,21047,19328
1995,21049,21391
1995,21051,13338
1995,21053,13992
1995,21055,17891
1995,21057,13743
1995,21059,22339
1995,21061,14258
1995,21063,11879
1995,21065,14632
1995,21067,28771
1995,21069,16505
1995,21071,16679
1995,21073,25653
1995,21075,21708
1995,21077,17698
1995,21079,18071
1995,21081,18458
1995,21083,20435
1995,21085,16267
1995,21087,16104
1995,21089,19799
1995,21091,21118
1995,21093,21942
1995,21095,14930
1995,21097,19247
1995,21099,15748
1995,21101,22440
1995,21103,20047
1995,21105,19971
1995,21107,20515
1995,21109,13086
1995,21111,28144
1995,21113,21567
1995,21115,17347
1995,21117,25551
1995,21119,14600
1995,21121,14149
1995,21123,20014
1995,21125,18195
1995,21127,14325
1995,21129,14168
1995,21131,16492
1995,21133,15420
1995,21135,13828
1995,21137,16335
1995,21139,20058
1995,21141,19487
1995,21143,16768
1995,21145,25270
1995,21147,12780
1995,21149,18618
1995,21151,18552
1995,21153,14207
1995,21155,17041
1995,21157,22405
1995,21159,15858
1995,21161,19560
1995,21163,19353
1995,21165,12907
1995,21167,20431
1995,21169,15670
1995,21171,17719
1995,21173,17912
1995,21175,12300
1995,21177,17768
1995,21179,21643
1995,21181,17331
1995,21183,17024
1995,21185,29611
1995,21187,17159
1995,21189,13585
1995,21191,18060
1995,21193,16844
1995,21195,18245
1995,21197,16072
1995,21199,17990
1995,21201,15543
1995,21203,14882
1995,21205,15506
1995,21207,16956
1995,21209,24143
1995,21211,24367
1995,21213,19724
1995,21215,19804
1995,21217,18915
1995,21219,18627
1995,21221,19578
1995,21223,16878
1995,21225,21052
1995,21227,22206
1995,21229,18389
1995,21231,14309
1995,21233,20023
1995,21235,16706
1995,21237,14191
1995,21239,29416
1995,22000,22243
1995,22001,17701
1995,22003,15582
1995,22005,22512
1995,22007,18053
1995,22009,16987
1995,22011,19309
1995,22013,17918
1995,22015,22766
1995,22017,24194
1995,22019,22601
1995,22021,17389
1995,22023,16839
1995,22025,17640
1995,22027,17736
1995,22029,17191
1995,22031,18053
1995,22033,25923
1995,22035,15382
1995,22037,19851
1995,22039,16295
1995,22041,17208
1995,22043,16729
1995,22045,18936
1995,22047,18994
1995,22049,20098
1995,22051,25837
1995,22053,16955
1995,22055,24022
1995,22057,19478
1995,22059,17225
1995,22061,19597
1995,22063,19748
1995,22065,15760
1995,22067,18720
1995,22069,17829
1995,22071,25451
1995,22073,21612
1995,22075,21163
1995,22077,18667
1995,22079,22677
1995,22081,17066
1995,22083,18698
1995,22085,17791
1995,22087,20803
1995,22089,23755
1995,22091,15339
1995,22093,18775
1995,22095,19592
1995,22097,17290
1995,22099,16161
1995,22101,19361
1995,22103,27039
1995,22105,18899
1995,22107,17257
1995,22109,19231
1995,22111,19574
1995,22113,18702
1995,22115,19859
1995,22117,18509
1995,22119,19332
1995,22121,21733
1995,22123,15867
1995,22125,15266
1995,22127,15988
1995,23000,23855
1995,23001,22603
1995,23003,19284
1995,23005,29267
1995,23007,20098
1995,23009,24439
1995,23011,24510
1995,23013,24856
1995,23015,26014
1995,23017,19939
1995,23019,21876
1995,23021,18956
1995,23023,25469
1995,23025,18803
1995,23027,19322
1995,23029,19313
1995,23031,24567
1995,24000,30673
1995,24001,20057
1995,24003,31918
1995,24005,31950
1995,24009,28377
1995,24011,19512
1995,24013,27539
1995,24015,25504
1995,24017,28519
1995,24019,21752
1995,24021,27586
1995,24023,19364
1995,24025,27877
1995,24027,38354
1995,24029,26987
1995,24031,44010
1995,24033,28112
1995,24035,29261
1995,24037,24506
1995,24039,17370
1995,24041,33898
1995,24043,22020
1995,24045,22786
1995,24047,26806
1995,24510,23263
1995,25000,31686
1995,25001,31973
1995,25003,26226
1995,25005,25273
1995,25007,32964
1995,25009,31298
1995,25011,25468
1995,25013,25664
1995,25015,25069
1995,25017,37074
1995,25019,43858
1995,25021,38404
1995,25023,29212
1995,25025,32685
1995,25027,27324
1995,26000,26969
1995,26001,20076
1995,26003,17879
1995,26005,23869
1995,26007,22006
1995,26009,22423
1995,26011,19146
1995,26013,18824
1995,26015,25210
1995,26017,24230
1995,26019,22073
1995,26021,24264
1995,26023,19551
1995,26025,24225
1995,26027,22676
1995,26029,24604
1995,26031,20588
1995,26033,18389
1995,26035,18042
1995,26037,25436
1995,26039,17863
1995,26041,21930
1995,26043,23650
1995,26045,26190
1995,26047,26050
1995,26049,26035
1995,26051,18636
1995,26053,19807
1995,26055,25894
1995,26057,20821
1995,26059,21264
1995,26061,19047
1995,26063,23614
1995,26065,25402
1995,26067,19253
1995,26069,20728
1995,26071,19459
1995,26073,19589
1995,26075,23323
1995,26077,27427
1995,26079,19010
1995,26081,27809
1995,26083,19897
1995,26085,17901
1995,26087,25122
1995,26089,26575
1995,26091,23961
1995,26093,31381
1995,26095,23950
1995,26097,24193
1995,26099,28449
1995,26101,19972
1995,26103,21868
1995,26105,21558
1995,26107,19247
1995,26109,21963
1995,26111,29969
1995,26113,18106
1995,26115,26484
1995,26117,18702
1995,26119,17511
1995,26121,21235
1995,26123,19884
1995,26125,40507
1995,26127,19629
1995,26129,17122
1995,26131,21487
1995,26133,18788
1995,26135,15687
1995,26137,21809
1995,26139,27258
1995,26141,18867
1995,26143,19717
1995,26145,23578
1995,26147,24899
1995,26149,22851
1995,26151,21957
1995,26153,20259
1995,26155,22348
1995,26157,21606
1995,26159,21367
1995,26161,33209
1995,26163,24899
1995,26165,20560
1995,27000,27557
1995,27001,19565
1995,27003,25962
1995,27005,19461
1995,27007,19236
1995,27009,21251
1995,27011,19019
1995,27013,23745
1995,27015,23240
1995,27017,21051
1995,27019,31565
1995,27021,20677
1995,27023,21314
1995,27025,23597
1995,27027,19800
1995,27029,16898
1995,27031,25312
1995,27033,20643
1995,27035,21762
1995,27037,31074
1995,27039,21861
1995,27041,21181
1995,27043,21131
1995,27045,19997
1995,27047,20681
1995,27049,25019
1995,27051,20413
1995,27053,36159
1995,27055,22665
1995,27057,19657
1995,27059,22476
1995,27061,20186
1995,27063,20344
1995,27065,19396
1995,27067,23150
1995,27069,20307
1995,27071,20378
1995,27073,18579
1995,27075,20808
1995,27077,18948
1995,27079,23400
1995,27081,17653
1995,27083,22788
1995,27085,25074
1995,27087,18007
1995,27089,19392
1995,27091,23107
1995,27093,20459
1995,27095,20111
1995,27097,18198
1995,27099,22766
1995,27101,20350
1995,27103,22793
1995,27105,21158
1995,27107,20268
1995,27109,27593
1995,27111,20970
1995,27113,22397
1995,27115,19730
1995,27117,20045
1995,27119,20527
1995,27121,19496
1995,27123,30153
1995,27125,17334
1995,27127,21855
1995,27129,21301
1995,27131,21956
1995,27133,21501
1995,27135,22644
1995,27137,23714
1995,27139,27423
1995,27141,22835
1995,27143,18995
1995,27145,21505
1995,27147,24807
1995,27149,20081
1995,27151,18434
1995,27153,16881
1995,27155,20039
1995,27157,23154
1995,27159,17488
1995,27161,21992
1995,27163,31114
1995,27165,20945
1995,27167,20584
1995,27169,21887
1995,27171,23660
1995,27173,19778
1995,28000,19816
1995,28001,19555
1995,28003,19121
1995,28005,15099
1995,28007,16782
1995,28009,14659
1995,28011,17083
1995,28013,17622
1995,28015,17688
1995,28017,17193
1995,28019,13931
1995,28021,15452
1995,28023,16872
1995,28025,17696
1995,28027,18355
1995,28029,16362
1995,28031,16602
1995,28033,24181
1995,28035,19682
1995,28037,14526
1995,28039,16685
1995,28041,13843
1995,28043,18740
1995,28045,18957
1995,28047,22086
1995,28049,24043
1995,28051,14506
1995,28053,18170
1995,28055,16295
1995,28057,17988
1995,28059,21640
1995,28061,16518
1995,28063,11678
1995,28065,14633
1995,28067,19553
1995,28069,16337
1995,28071,18789
1995,28073,21591
1995,28075,21719
1995,28077,17915
1995,28079,17153
1995,28081,23329
1995,28083,18694
1995,28085,17589
1995,28087,20712
1995,28089,26541
1995,28091,16003
1995,28093,16385
1995,28095,18017
1995,28097,16991
1995,28099,20476
1995,28101,18446
1995,28103,15010
1995,28105,17696
1995,28107,16985
1995,28109,17093
1995,28111,14079
1995,28113,17577
1995,28115,17629
1995,28117,16271
1995,28119,14886
1995,28121,24663
1995,28123,17755
1995,28125,15240
1995,28127,18849
1995,28129,18465
1995,28131,18515
1995,28133,14684
1995,28135,14462
1995,28137,18625
1995,28139,17262
1995,28141,17794
1995,28143,17752
1995,28145,18973
1995,28147,15220
1995,28149,24321
1995,28151,18809
1995,28153,16578
1995,28155,16994
1995,28157,14257
1995,28159,16942
1995,28161,18098
1995,28163,17194
1995,29000,25196
1995,29001,19103
1995,29003,21589
1995,29005,19798
1995,29007,21271
1995,29009,18283
1995,29011,18931
1995,29013,18198
1995,29015,17306
1995,29017,16046
1995,29019,25780
1995,29021,21958
1995,29023,20525
1995,29025,19449
1995,29027,20594
1995,29029,22311
1995,29031,23341
1995,29033,19815
1995,29035,17251
1995,29037,24308
1995,29039,17183
1995,29041,18481
1995,29043,21650
1995,29045,16289
1995,29047,26699
1995,29049,21940
1995,29051,26087
1995,29053,19081
1995,29055,18383
1995,29057,17063
1995,29059,16575
1995,29061,18326
1995,29063,14361
1995,29065,17943
1995,29067,14701
1995,29069,18485
1995,29071,23589
1995,29073,21143
1995,29075,19127
1995,29077,24128
1995,29079,19247
1995,29081,18525
1995,29083,19631
1995,29085,15323
1995,29087,19052
1995,29089,20077
1995,29091,17642
1995,29093,17809
1995,29095,27100
1995,29097,21827
1995,29099,22117
1995,29101,18868
1995,29103,16774
1995,29105,18943
1995,29107,22273
1995,29109,18220
1995,29111,17403
1995,29113,20778
1995,29115,20018
1995,29117,21984
1995,29119,16883
1995,29121,19385
1995,29123,17359
1995,29125,18234
1995,29127,20777
1995,29129,18683
1995,29131,17497
1995,29133,17109
1995,29135,19635
1995,29137,19811
1995,29139,20365
1995,29141,18841
1995,29143,17928
1995,29145,21241
1995,29147,17301
1995,29149,14251
1995,29151,20905
1995,29153,15547
1995,29155,17561
1995,29157,19496
1995,29159,20841
1995,29161,20409
1995,29163,17298
1995,29165,29691
1995,29167,17641
1995,29169,20126
1995,29171,15342
1995,29173,21438
1995,29175,18713
1995,29177,21467
1995,29179,16348
1995,29181,14646
1995,29183,26587
1995,29185,16197
1995,29186,20866
1995,29187,18300
1995,29189,36220
1995,29195,21804
1995,29197,15753
1995,29199,16780
1995,29201,20417
1995,29203,14599
1995,29205,20804
1995,29207,19353
1995,29209,21413
1995,29211,19612
1995,29213,22381
1995,29215,14835
1995,29217,19923
1995,29219,21901
1995,29221,15629
1995,29223,14930
1995,29225,17732
1995,29227,16675
1995,29229,15872
1995,29510,23762
1995,30000,21221
1995,30001,19713
1995,30003,15054
1995,30005,14950
1995,30007,18492
1995,30009,20715
1995,30011,14030
1995,30013,23112
1995,30015,24507
1995,30017,21250
1995,30019,25530
1995,30021,19388
1995,30023,18454
1995,30025,18517
1995,30027,18819
1995,30029,21805
1995,30033,15646
1995,30035,15510
1995,30037,16914
1995,30039,18058
1995,30041,21830
1995,30043,23461
1995,30045,18499
1995,30047,17862
1995,30049,23971
1995,30051,24220
1995,30053,16138
1995,30055,16016
1995,30057,17707
1995,30059,18471
1995,30061,15605
1995,30063,22305
1995,30065,15707
1995,30069,14155
1995,30071,17365
1995,30073,20842
1995,30075,16259
1995,30077,16711
1995,30079,18242
1995,30081,18712
1995,30083,18887
1995,30085,16698
1995,30087,20511
1995,30089,15639
1995,30091,22026
1995,30093,21583
1995,30095,20242
1995,30097,19303
1995,30099,20864
1995,30101,23044
1995,30103,16959
1995,30105,21817
1995,30107,17444
1995,30109,14909
1995,30111,23958
1995,30113,21124.5
1995,31000,25600
1995,31001,24310
1995,31003,22128
1995,31005,13371
1995,31007,23176
1995,31009,13471
1995,31011,20357
1995,31013,23184
1995,31015,17756
1995,31017,20235
1995,31019,22135
1995,31021,21442
1995,31023,21068
1995,31025,24171
1995,31027,21455
1995,31029,25405
1995,31031,19672
1995,31033,23845
1995,31035,23831
1995,31037,21061
1995,31039,28011
1995,31041,21556
1995,31043,21217
1995,31045,17918
1995,31047,23077
1995,31049,25786
1995,31051,22286
1995,31053,23346
1995,31055,31212
1995,31057,27497
1995,31059,26583
1995,31061,20452
1995,31063,21756
1995,31065,22203
1995,31067,23029
1995,31069,23580
1995,31071,21397
1995,31073,22193
1995,31075,13112
1995,31077,19634
1995,31079,23601
1995,31081,24344
1995,31083,20735
1995,31085,22041
1995,31087,20093
1995,31089,22984
1995,31091,17429
1995,31093,19557
1995,31095,20139
1995,31097,19946
1995,31099,25710
1995,31101,21103
1995,31103,11475
1995,31105,25403
1995,31107,19228
1995,31109,26854
1995,31111,22319
1995,31113,20884
1995,31115,8567
1995,31117,9904
1995,31119,23133
1995,31121,20916
1995,31123,20119
1995,31125,19259
1995,31127,24089
1995,31129,20550
1995,31131,21992
1995,31133,19073
1995,31135,26716
1995,31137,27651
1995,31139,20775
1995,31141,23924
1995,31143,23766
1995,31145,22100
1995,31147,20949
1995,31149,20090
1995,31151,21196
1995,31153,25318
1995,31155,21718
1995,31157,22180
1995,31159,22878
1995,31161,19509
1995,31163,16105
1995,31165,13826
1995,31167,19535
1995,31169,21737
1995,31171,15990
1995,31173,17522
1995,31175,20253
1995,31177,25897
1995,31179,19629
1995,31181,20318
1995,31183,29558
1995,31185,24567
1995,32000,28757
1995,32001,23500
1995,32003,27990
1995,32005,36072
1995,32007,26423
1995,32009,20062
1995,32011,28919
1995,32013,27098
1995,32015,26018
1995,32017,20766
1995,32019,22566
1995,32021,23442
1995,32023,22298
1995,32027,20370
1995,32029,25763
1995,32031,32829
1995,32033,24449
1995,32510,29893
1995,33000,28586
1995,33001,27091
1995,33003,27375
1995,33005,25718
1995,33007,22553
1995,33009,27529
1995,33011,29926
1995,33013,28655
1995,33015,31252
1995,33017,24438
1995,33019,25770
1995,34000,33526
1995,34001,29691
1995,34003,44397
1995,34005,30255
1995,34007,27557
1995,34009,28816
1995,34011,23170
1995,34013,33239
1995,34015,25479
1995,34017,26001
1995,34019,42643
1995,34021,35269
1995,34023,32333
1995,34025,36076
1995,34027,44968
1995,34029,27829
1995,34031,27607
1995,34033,26075
1995,34035,46760
1995,34037,31081
1995,34039,34364
1995,34041,28834
1995,35000,21782
1995,35001,26311
1995,35003,16712
1995,35005,19345
1995,35006,14432
1995,35007,19325
1995,35009,20493
1995,35011,16765
1995,35013,17870
1995,35015,20449
1995,35017,19393
1995,35019,14735
1995,35021,15709
1995,35023,19649
1995,35025,18754
1995,35027,20445
1995,35028,43429
1995,35029,15170
1995,35031,13564
1995,35033,13137
1995,35035,18330
1995,35037,18066
1995,35039,15221
1995,35041,17164
1995,35043,22482
1995,35045,19292
1995,35047,16071
1995,35049,28662
1995,35051,17651
1995,35053,16301
1995,35055,17983
1995,35057,17142
1995,35059,19664
1995,35061,18798
1995,36000,31246
1995,36001,30593
1995,36003,18464
1995,36005,19515
1995,36007,24069
1995,36009,20064
1995,36011,21783
1995,36013,21060
1995,36015,22864
1995,36017,20552
1995,36019,21558
1995,36021,25230
1995,36023,20825
1995,36025,19447
1995,36027,28543
1995,36029,26196
1995,36031,21352
1995,36033,19021
1995,36035,21970
1995,36037,23599
1995,36039,21911
1995,36041,23472
1995,36043,20829
1995,36045,21627
1995,36047,23229
1995,36049,18391
1995,36051,22662
1995,36053,23435
1995,36055,29558
1995,36057,22731
1995,36059,42358
1995,36061,66953
1995,36063,23881
1995,36065,23365
1995,36067,26702
1995,36069,26635
1995,36071,26149
1995,36073,20902
1995,36075,21306
1995,36077,21221
1995,36079,33973
1995,36081,27046
1995,36083,25976
1995,36085,31207
1995,36087,36070
1995,36089,18823
1995,36091,27809
1995,36093,29232
1995,36095,22162
1995,36097,19202
1995,36099,23036
1995,36101,23213
1995,36103,32400
1995,36105,24007
1995,36107,21959
1995,36109,22555
1995,36111,23700
1995,36113,25025
1995,36115,20304
1995,36117,24788
1995,36119,46230
1995,36121,19549
1995,36123,19367
1995,37000,24913
1995,37001,24281
1995,37003,22170
1995,37005,22529
1995,37007,20016
1995,37009,21210
1995,37011,22213
1995,37013,20439
1995,37015,19634
1995,37017,19808
1995,37019,20234
1995,37021,25132
1995,37023,21693
1995,37025,26279
1995,37027,21436
1995,37029,22305
1995,37031,23145
1995,37033,19301
1995,37035,26605
1995,37037,28418
1995,37039,17543
1995,37041,21446
1995,37043,18672
1995,37045,22187
1995,37047,20574
1995,37049,23949
1995,37051,23893
1995,37053,23071
1995,37055,24235
1995,37057,23374
1995,37059,27046
1995,37061,23026
1995,37063,26922
1995,37065,19863
1995,37067,29828
1995,37069,21215
1995,37071,24009
1995,37073,19173
1995,37075,16883
1995,37077,20607
1995,37079,20058
1995,37081,28547
1995,37083,18510
1995,37085,20188
1995,37087,21948
1995,37089,25849
1995,37091,17807
1995,37093,15878
1995,37095,18743
1995,37097,25113
1995,37099,19035
1995,37101,23563
1995,37103,19512
1995,37105,24955
1995,37107,22684
1995,37109,23011
1995,37111,20651
1995,37113,20865
1995,37115,18966
1995,37117,19815
1995,37119,32832
1995,37121,18567
1995,37123,19732
1995,37125,29278
1995,37127,23979
1995,37129,25836
1995,37131,18787
1995,37133,22056
1995,37135,31033
1995,37137,21867
1995,37139,20799
1995,37141,20355
1995,37143,19366
1995,37145,21251
1995,37147,23453
1995,37149,28491
1995,37151,23098
1995,37153,18768
1995,37155,17732
1995,37157,21331
1995,37159,22344
1995,37161,20600
1995,37163,21605
1995,37165,20059
1995,37167,21208
1995,37169,21752
1995,37171,22007
1995,37173,16203
1995,37175,23040
1995,37177,17295
1995,37179,23010
1995,37181,20035
1995,37183,31667
1995,37185,16951
1995,37187,19715
1995,37189,21024
1995,37191,21351
1995,37193,22080
1995,37195,22710
1995,37197,21774
1995,37199,17689
1995,38000,21987
1995,38001,19140
1995,38003,19807
1995,38005,14686
1995,38007,12053
1995,38009,20924
1995,38011,21190
1995,38013,22846
1995,38015,24824
1995,38017,25675
1995,38019,19611
1995,38021,18598
1995,38023,23269
1995,38025,14926
1995,38027,18331
1995,38029,15648
1995,38031,19722
1995,38033,15475
1995,38035,22260
1995,38037,12619
1995,38039,18857
1995,38041,19877
1995,38043,14920
1995,38045,18935
1995,38047,18967
1995,38049,16905
1995,38051,17458
1995,38053,18941
1995,38055,21782
1995,38057,24235
1995,38059,19622
1995,38061,20239
1995,38063,17217
1995,38065,17925
1995,38067,26316
1995,38069,19683
1995,38071,21539
1995,38073,20841
1995,38075,22218
1995,38077,20441
1995,38079,15512
1995,38081,21450
1995,38083,16417
1995,38085,12705
1995,38087,12947
1995,38089,20273
1995,38091,19866
1995,38093,21675
1995,38095,19592
1995,38097,22277
1995,38099,22100
1995,38101,23252
1995,38103,20268
1995,38105,21025
1995,39000,25802
1995,39001,16464
1995,39003,22363
1995,39005,21226
1995,39007,20957
1995,39009,17452
1995,39011,24681
1995,39013,19648
1995,39015,19613
1995,39017,25388
1995,39019,19399
1995,39021,23009
1995,39023,24072
1995,39025,23333
1995,39027,23888
1995,39029,20643
1995,39031,20225
1995,39033,21714
1995,39035,30049
1995,39037,23103
1995,39039,24455
1995,39041,38108
1995,39043,26569
1995,39045,25601
1995,39047,19873
1995,39049,27862
1995,39051,24690
1995,39053,19572
1995,39055,33133
1995,39057,27615
1995,39059,18697
1995,39061,30517
1995,39063,26235
1995,39065,18391
1995,39067,18013
1995,39069,23998
1995,39071,18673
1995,39073,19553
1995,39075,16899
1995,39077,23036
1995,39079,18148
1995,39081,20460
1995,39083,21810
1995,39085,27744
1995,39087,17929
1995,39089,24583
1995,39091,22846
1995,39093,24305
1995,39095,26312
1995,39097,22122
1995,39099,23624
1995,39101,21112
1995,39103,27591
1995,39105,17241
1995,39107,23387
1995,39109,26031
1995,39111,17740
1995,39113,27125
1995,39115,18368
1995,39117,19551
1995,39119,21256
1995,39121,16007
1995,39123,26000
1995,39125,20943
1995,39127,17358
1995,39129,20161
1995,39131,18511
1995,39133,24010
1995,39135,21868
1995,39137,23677
1995,39139,22363
1995,39141,20028
1995,39143,22574
1995,39145,18500
1995,39147,21274
1995,39149,24350
1995,39151,24656
1995,39153,27283
1995,39155,23980
1995,39157,21307
1995,39159,25185
1995,39161,22077
1995,39163,16354
1995,39165,26766
1995,39167,21255
1995,39169,23473
1995,39171,24235
1995,39173,25809
1995,39175,21808
1995,40000,21725
1995,40001,15698
1995,40003,15589
1995,40005,13996
1995,40007,18999
1995,40009,17189
1995,40011,16773
1995,40013,17917
1995,40015,17407
1995,40017,22899
1995,40019,21316
1995,40021,17293
1995,40023,14947
1995,40025,17234
1995,40027,22254
1995,40029,13861
1995,40031,21294
1995,40033,18042
1995,40035,17325
1995,40037,18434
1995,40039,19463
1995,40041,18250
1995,40043,19437
1995,40045,19534
1995,40047,22512
1995,40049,19863
1995,40051,18337
1995,40053,19987
1995,40055,19396
1995,40057,17374
1995,40059,21243
1995,40061,16285
1995,40063,15511
1995,40065,18931
1995,40067,16283
1995,40069,14931
1995,40071,21455
1995,40073,21189
1995,40075,17510
1995,40077,17896
1995,40079,17615
1995,40081,18391
1995,40083,18677
1995,40085,17182
1995,40087,20978
1995,40089,17370
1995,40091,16737
1995,40093,19885
1995,40095,17878
1995,40097,18542
1995,40099,17943
1995,40101,18064
1995,40103,18803
1995,40105,16240
1995,40107,14359
1995,40109,24891
1995,40111,16844
1995,40113,18022
1995,40115,18346
1995,40117,18692
1995,40119,19707
1995,40121,17161
1995,40123,18518
1995,40125,19307
1995,40127,14680
1995,40129,17327
1995,40131,22080
1995,40133,16381
1995,40135,17514
1995,40137,18961
1995,40139,23132
1995,40141,16219
1995,40143,27311
1995,40145,19962
1995,40147,25694
1995,40149,17053
1995,40151,20034
1995,40153,19068
1995,41000,25679
1995,41001,19579
1995,41003,25837
1995,41005,30579
1995,41007,23361
1995,41009,23829
1995,41011,21540
1995,41013,19483
1995,41015,22290
1995,41017,25516
1995,41019,20991
1995,41021,23071
1995,41023,21035
1995,41025,19616
1995,41027,22620
1995,41029,23311
1995,41031,19309
1995,41033,20434
1995,41035,20804
1995,41037,20756
1995,41039,23838
1995,41041,22586
1995,41043,22013
1995,41045,19325
1995,41047,23958
1995,41049,18541
1995,41051,29091
1995,41053,22132
1995,41055,19849
1995,41057,21045
1995,41059,20790
1995,41061,21084
1995,41063,20923
1995,41065,22409
1995,41067,29973
1995,41069,17656
1995,41071,23382
1995,42000,26722
1995,42001,23030
1995,42003,29781
1995,42005,21209
1995,42007,22221
1995,42009,18892
1995,42011,27304
1995,42013,21918
1995,42015,20485
1995,42017,32411
1995,42019,24413
1995,42021,21227
1995,42023,21812
1995,42025,21771
1995,42027,22788
1995,42029,38093
1995,42031,20566
1995,42033,21138
1995,42035,20120
1995,42037,21444
1995,42039,20639
1995,42041,29322
1995,42043,28561
1995,42045,32428
1995,42047,25035
1995,42049,23600
1995,42051,19719
1995,42053,19075
1995,42055,23251
1995,42057,19571
1995,42059,18820
1995,42061,18216
1995,42063,20544
1995,42065,21475
1995,42067,19597
1995,42069,24225
1995,42071,25769
1995,42073,21173
1995,42075,24339
1995,42077,27926
1995,42079,23589
1995,42081,21562
1995,42083,22588
1995,42085,21739
1995,42087,19770
1995,42089,22716
1995,42091,41826
1995,42093,24366
1995,42095,26067
1995,42097,21190
1995,42099,22710
1995,42101,22959
1995,42103,22158
1995,42105,20404
1995,42107,21715
1995,42109,23257
1995,42111,20899
1995,42113,21084
1995,42115,21633
1995,42117,19460
1995,42119,21206
1995,42121,22403
1995,42123,23302
1995,42125,25126
1995,42127,21579
1995,42129,24524
1995,42131,21307
1995,42133,26503
1995,44000,27101
1995,44001,33507
1995,44003,28315
1995,44005,31864
1995,44007,25035
1995,44009,29944
1995,45000,22396
1995,45001,19387
1995,45003,23235
1995,45005,15425
1995,45007,21924
1995,45009,16279
1995,45011,21188
1995,45013,28959
1995,45015,17909
1995,45017,19847
1995,45019,24762
1995,45021,18932
1995,45023,18240
1995,45025,18864
1995,45027,16798
1995,45029,17758
1995,45031,19988
1995,45033,16800
1995,45035,20999
1995,45037,18871
1995,45039,18249
1995,45041,22000
1995,45043,21680
1995,45045,26708
1995,45047,22260
1995,45049,17162
1995,45051,22550
1995,45053,17406
1995,45055,21477
1995,45057,19535
1995,45059,20553
1995,45061,15069
1995,45063,25194
1995,45065,15457
1995,45067,16725
1995,45069,15713
1995,45071,19464
1995,45073,22759
1995,45075,18675
1995,45077,20821
1995,45079,25524
1995,45081,20309
1995,45083,22938
1995,45085,19213
1995,45087,18547
1995,45089,15442
1995,45091,24434
1995,46000,22853
1995,46003,16219
1995,46005,22814
1995,46007,17474
1995,46009,19220
1995,46011,20724
1995,46013,25540
1995,46015,19858
1995,46017,12231
1995,46019,18206
1995,46021,19237
1995,46023,20962
1995,46025,21204
1995,46027,18871
1995,46029,23718
1995,46031,13246
1995,46033,21388
1995,46035,23079
1995,46037,19332
1995,46039,20408
1995,46041,15102
1995,46043,17779
1995,46045,21263
1995,46047,20096
1995,46049,19094
1995,46051,21910
1995,46053,20042
1995,46055,25873
1995,46057,17896
1995,46059,20622
1995,46061,15397
1995,46063,14350
1995,46065,26419
1995,46067,19940
1995,46069,18286
1995,46071,16345
1995,46073,20599
1995,46075,23732
1995,46077,19483
1995,46079,21021
1995,46081,21029
1995,46083,27649
1995,46085,21062
1995,46087,18939
1995,46089,17891
1995,46091,22352
1995,46093,21632
1995,46095,16540
1995,46097,17113
1995,46099,27370
1995,46101,23158
1995,46102,11985
1995,46103,24264
1995,46105,20388
1995,46107,25159
1995,46109,18987
1995,46111,20261
1995,46115,23420
1995,46117,23404
1995,46119,34783
1995,46121,11861
1995,46123,18892
1995,46125,22212
1995,46127,33060
1995,46129,20522
1995,46135,22575
1995,46137,12462
1995,47000,24327
1995,47001,24067
1995,47003,21232
1995,47005,19847
1995,47007,16377
1995,47009,22009
1995,47011,22787
1995,47013,16957
1995,47015,19962
1995,47017,20424
1995,47019,17386
1995,47021,22012
1995,47023,17271
1995,47025,17789
1995,47027,18475
1995,47029,16829
1995,47031,22119
1995,47033,21660
1995,47035,18413
1995,47037,30295
1995,47039,18973
1995,47041,19605
1995,47043,22227
1995,47045,22719
1995,47047,23448
1995,47049,17452
1995,47051,19817
1995,47053,22012
1995,47055,21384
1995,47057,17570
1995,47059,20331
1995,47061,16219
1995,47063,21641
1995,47065,27225
1995,47067,13807
1995,47069,16934
1995,47071,18772
1995,47073,18928
1995,47075,19701
1995,47077,19709
1995,47079,21754
1995,47081,17560
1995,47083,17569
1995,47085,20159
1995,47087,17232
1995,47089,19783
1995,47091,14031
1995,47093,26221
1995,47095,13253
1995,47097,17543
1995,47099,20710
1995,47101,18235
1995,47103,21170
1995,47105,23234
1995,47107,19300
1995,47109,19118
1995,47111,19058
1995,47113,23550
1995,47115,19205
1995,47117,23148
1995,47119,24142
1995,47121,17049
1995,47123,17757
1995,47125,23811
1995,47127,19974
1995,47129,15065
1995,47131,23641
1995,47133,17172
1995,47135,18942
1995,47137,17468
1995,47139,18133
1995,47141,21801
1995,47143,18519
1995,47145,21737
1995,47147,23421
1995,47149,24832
1995,47151,15579
1995,47153,18150
1995,47155,21719
1995,47157,28220
1995,47159,20820
1995,47161,18866
1995,47163,23567
1995,47165,24745
1995,47167,21210
1995,47169,20677
1995,47171,20145
1995,47173,16370
1995,47175,14815
1995,47177,19535
1995,47179,22977
1995,47181,15520
1995,47183,20324
1995,47185,18377
1995,47187,37293
1995,47189,25973
1995,48000,24074
1995,48001,16704
1995,48003,18996
1995,48005,20744
1995,48007,20832
1995,48009,22022
1995,48011,20094
1995,48013,16814
1995,48015,23019
1995,48017,22156
1995,48019,22577
1995,48021,20055
1995,48023,19880
1995,48025,15289
1995,48027,22954
1995,48029,23746
1995,48031,22688
1995,48033,23942
1995,48035,18890
1995,48037,21514
1995,48039,23128
1995,48041,18211
1995,48043,18221
1995,48045,18294
1995,48047,13706
1995,48049,18836
1995,48051,19146
1995,48053,22830
1995,48055,18037
1995,48057,19837
1995,48059,18939
1995,48061,14380
1995,48063,21247
1995,48065,24099
1995,48067,18908
1995,48069,31210
1995,48071,22728
1995,48073,19870
1995,48075,15885
1995,48077,20091
1995,48079,21090
1995,48081,18629
1995,48083,18839
1995,48085,36874
1995,48087,18820
1995,48089,21698
1995,48091,27520
1995,48093,19151
1995,48095,14693
1995,48097,20122
1995,48099,18990
1995,48101,18940
1995,48103,19555
1995,48105,18089
1995,48107,19049
1995,48109,13861
1995,48111,30753
1995,48113,29745
1995,48115,18528
1995,48117,24757
1995,48119,18649
1995,48121,26766
1995,48123,18377
1995,48125,16961
1995,48127,11953
1995,48129,19579
1995,48131,13938
1995,48133,17689
1995,48135,19249
1995,48137,13354
1995,48139,22719
1995,48141,17665
1995,48143,20287
1995,48145,17200
1995,48147,18658
1995,48149,22440
1995,48151,17284
1995,48153,20415
1995,48155,19599
1995,48157,27992
1995,48159,18625
1995,48161,16867
1995,48163,13937
1995,48165,20085
1995,48167,25863
1995,48169,18289
1995,48171,21999
1995,48173,16389
1995,48175,17386
1995,48177,18828
1995,48179,23965
1995,48181,21198
1995,48183,24344
1995,48185,17098
1995,48187,21212
1995,48189,20694
1995,48191,15202
1995,48193,22348
1995,48195,29257
1995,48197,20090
1995,48199,20272
1995,48201,28223
1995,48203,19548
1995,48205,27633
1995,48207,18590
1995,48209,21155
1995,48211,26678
1995,48213,19698
1995,48215,13119
1995,48217,18412
1995,48219,19909
1995,48221,22504
1995,48223,20204
1995,48225,18772
1995,48227,20099
1995,48229,12608
1995,48231,21120
1995,48233,22687
1995,48235,22863
1995,48237,18152
1995,48239,23619
1995,48241,19478
1995,48243,17166
1995,48245,22501
1995,48247,15707
1995,48249,17061
1995,48251,21127
1995,48253,15414
1995,48255,16878
1995,48257,21589
1995,48259,29618
1995,48261,21216
1995,48263,21471
1995,48265,24669
1995,48267,18569
1995,48269,20524
1995,48271,14222
1995,48273,18093
1995,48275,19114
1995,48277,20755
1995,48279,22884
1995,48281,19394
1995,48283,12333
1995,48285,20411
1995,48287,20361
1995,48289,19616
1995,48291,19308
1995,48293,19104
1995,48295,23913
1995,48297,16923
1995,48299,21458
1995,48301,35984
1995,48303,22546
1995,48305,19948
1995,48307,19716
1995,48309,21554
1995,48311,20566
1995,48313,17389
1995,48315,16899
1995,48317,17287
1995,48319,17511
1995,48321,20542
1995,48323,10763
1995,48325,18566
1995,48327,17256
1995,48329,28053
1995,48331,18476
1995,48333,19442
1995,48335,15570
1995,48337,19198
1995,48339,26801
1995,48341,21244
1995,48343,19519
1995,48345,17630
1995,48347,18654
1995,48349,19459
1995,48351,15360
1995,48353,19396
1995,48355,22217
1995,48357,22909
1995,48359,22982
1995,48361,21039
1995,48363,19324
1995,48365,18228
1995,48367,23845
1995,48369,22538
1995,48371,14030
1995,48373,20315
1995,48375,20324
1995,48377,12886
1995,48379,17986
1995,48381,25860
1995,48383,15392
1995,48385,17985
1995,48387,17144
1995,48389,13840
1995,48391,24722
1995,48393,19509
1995,48395,17270
1995,48397,32017
1995,48399,18551
1995,48401,19084
1995,48403,18387
1995,48405,16765
1995,48407,17690
1995,48409,17860
1995,48411,17225
1995,48413,18245
1995,48415,19716
1995,48417,20933
1995,48419,19066
1995,48421,32543
1995,48423,23630
1995,48425,19936
1995,48427,9467
1995,48429,19039
1995,48431,15179
1995,48433,20767
1995,48435,19135
1995,48437,23355
1995,48439,26389
1995,48441,22289
1995,48443,21058
1995,48445,22548
1995,48447,20680
1995,48449,20005
1995,48451,22614
1995,48453,28008
1995,48455,17974
1995,48457,17410
1995,48459,18871
1995,48461,20311
1995,48463,17496
1995,48465,15936
1995,48467,19503
1995,48469,23681
1995,48471,15545
1995,48473,18931
1995,48475,17344
1995,48477,23954
1995,48479,14635
1995,48481,21844
1995,48483,24818
1995,48485,23207
1995,48487,20003
1995,48489,11516
1995,48491,25215
1995,48493,19381
1995,48495,17227
1995,48497,20391
1995,48499,18681
1995,48501,19734
1995,48503,21093
1995,48505,12000
1995,48507,11025
1995,49000,21550
1995,49001,16181
1995,49003,20157
1995,49005,18124
1995,49007,20279
1995,49009,18064
1995,49011,22103
1995,49013,17345
1995,49015,17379
1995,49017,17256
1995,49019,18581
1995,49021,16531
1995,49023,17551
1995,49025,19257
1995,49027,16491
1995,49029,19259
1995,49031,15704
1995,49033,18490
1995,49035,23900
1995,49037,13086
1995,49039,15224
1995,49041,17069
1995,49043,42038
1995,49045,19875
1995,49047,15424
1995,49049,18004
1995,49051,19952
1995,49053,18353
1995,49055,15877
1995,49057,22409
1995,50000,24798
1995,50001,21979
1995,50003,25599
1995,50005,20469
1995,50007,28381
1995,50009,17326
1995,50011,21633
1995,50013,24069
1995,50015,23616
1995,50017,21529
1995,50019,19711
1995,50021,24214
1995,50023,25424
1995,50025,25681
1995,50027,26338
1995,51000,28367
1995,51001,19327
1995,51007,21946
1995,51009,19273
1995,51011,20507
1995,51013,43974
1995,51017,24009
1995,51019,24252
1995,51021,17287
1995,51023,24421
1995,51025,17557
1995,51027,18232
1995,51029,16458
1995,51033,21706
1995,51036,21182
1995,51037,17726
1995,51041,29546
1995,51043,24214
1995,51045,20191
1995,51047,23680
1995,51049,19012
1995,51051,15950
1995,51057,21298
1995,51061,34681
1995,51063,17996
1995,51065,24291
1995,51067,21213
1995,51071,20548
1995,51073,23486
1995,51075,35357
1995,51077,17453
1995,51079,20832
1995,51083,18630
1995,51085,28488
1995,51087,31260
1995,51091,22306
1995,51093,24359
1995,51097,21187
1995,51099,25726
1995,51101,26358
1995,51103,28883
1995,51105,16691
1995,51107,35583
1995,51109,22701
1995,51111,17505
1995,51113,19944
1995,51115,27038
1995,51117,20141
1995,51119,24540
1995,51125,22421
1995,51127,25494
1995,51131,18900
1995,51133,22674
1995,51135,19521
1995,51137,23326
1995,51139,19488
1995,51141,18836
1995,51145,23582
1995,51147,16516
1995,51155,20051
1995,51157,25209
1995,51159,17732
1995,51167,17052
1995,51169,17236
1995,51171,21975
1995,51173,19185
1995,51179,26069
1995,51181,21485
1995,51183,22072
1995,51185,19051
1995,51187,22804
1995,51193,20597
1995,51197,20176
1995,51510,43997
1995,51550,25278
1995,51650,23295
1995,51700,22447
1995,51710,22970
1995,51740,20794
1995,51760,29944
1995,51770,22611
1995,51800,23539
1995,51810,28560
1995,51901,30917
1995,51903,21855
1995,51907,22929
1995,51911,23460
1995,51913,19449
1995,51918,24134
1995,51919,43501
1995,51921,24381
1995,51923,17642
1995,51929,21548
1995,51931,29396
1995,51933,18570
1995,51939,20527
1995,51941,23138
1995,51942,28552
1995,51944,30478
1995,51945,19996
1995,51947,21617
1995,51949,22374
1995,51951,25253
1995,51953,21208
1995,51955,19608
1995,51958,28894
1995,53000,27733
1995,53001,21706
1995,53003,21421
1995,53005,26154
1995,53007,24835
1995,53009,23678
1995,53011,26491
1995,53013,25163
1995,53015,22792
1995,53017,20191
1995,53019,17597
1995,53021,19794
1995,53023,23275
1995,53025,21089
1995,53027,21274
1995,53029,25974
1995,53031,25261
1995,53033,35370
1995,53035,26524
1995,53037,21796
1995,53039,21409
1995,53041,21572
1995,53043,24030
1995,53045,21350
1995,53047,20823
1995,53049,20780
1995,53051,19335
1995,53053,25173
1995,53055,34923
1995,53057,25061
1995,53059,20416
1995,53061,26854
1995,53063,23751
1995,53065,18247
1995,53067,27108
1995,53069,20888
1995,53071,21027
1995,53073,22966
1995,53075,19172
1995,53077,21336
1995,54000,20438
1995,54001,15308
1995,54003,20934
1995,54005,18932
1995,54007,15496
1995,54009,20251
1995,54011,22727
1995,54013,14387
1995,54015,13621
1995,54017,15026
1995,54019,17536
1995,54021,16773
1995,54023,20046
1995,54025,19718
1995,54027,16737
1995,54029,21634
1995,54031,19131
1995,54033,21435
1995,54035,19119
1995,54037,23435
1995,54039,26266
1995,54041,17360
1995,54043,14224
1995,54045,19015
1995,54047,14235
1995,54049,20719
1995,54051,18968
1995,54053,18085
1995,54055,20814
1995,54057,18522
1995,54059,18880
1995,54061,22493
1995,54063,16359
1995,54065,20014
1995,54067,17610
1995,54069,26207
1995,54071,18516
1995,54073,20229
1995,54075,18153
1995,54077,16766
1995,54079,22934
1995,54081,20539
1995,54083,18831
1995,54085,16519
1995,54087,15645
1995,54089,14966
1995,54091,15528
1995,54093,17751
1995,54095,16158
1995,54097,15505
1995,54099,16576
1995,54101,13735
1995,54103,19829
1995,54105,14960
1995,54107,22625
1995,54109,15765
1995,55000,26078
1995,55001,19060
1995,55003,20035
1995,55005,21113
1995,55007,20357
1995,55009,27015
1995,55011,23048
1995,55013,18698
1995,55015,25846
1995,55017,22016
1995,55019,18833
1995,55021,25787
1995,55023,18458
1995,55025,30773
1995,55027,22392
1995,55029,24868
1995,55031,20946
1995,55033,20458
1995,55035,23198
1995,55037,18729
1995,55039,26349
1995,55041,18138
1995,55043,20247
1995,55045,24811
1995,55047,23954
1995,55049,21141
1995,55051,19158
1995,55053,22406
1995,55055,24111
1995,55057,20584
1995,55059,25014
1995,55061,22735
1995,55063,24649
1995,55065,18823
1995,55067,20022
1995,55069,21665
1995,55071,24222
1995,55073,24270
1995,55075,21189
1995,55077,19028
1995,55078,16356
1995,55079,26477
1995,55081,20084
1995,55083,21246
1995,55085,24147
1995,55087,26819
1995,55089,38906
1995,55091,21004
1995,55093,23104
1995,55095,21082
1995,55097,22933
1995,55099,21962
1995,55101,27193
1995,55103,19255
1995,55105,25354
1995,55107,17582
1995,55109,26738
1995,55111,24576
1995,55113,20160
1995,55115,20493
1995,55117,26653
1995,55119,19155
1995,55121,21018
1995,55123,17898
1995,55125,22032
1995,55127,24950
1995,55129,19728
1995,55131,30089
1995,55133,35539
1995,55135,23080
1995,55137,19483
1995,55139,26444
1995,55141,25419
1995,55901,NA
1995,56000,24722
1995,56001,20833
1995,56003,18192
1995,56005,24215
1995,56007,22553
1995,56009,21711
1995,56011,24063
1995,56013,20543
1995,56015,20520
1995,56017,21846
1995,56019,22250
1995,56021,25750
1995,56023,19850
1995,56025,26322
1995,56027,22850
1995,56029,23895
1995,56031,22009
1995,56033,27846
1995,56035,24130
1995,56037,25128
1995,56039,55141
1995,56041,21302
1995,56043,22761
1995,56045,23298
1995,91000,31117
1995,92000,30385
1995,93000,26869
1995,94000,25489
1995,95000,24479
1995,96000,23575
1995,97000,24988
1995,98000,27816
