year,fips,percent_high_school_or_above
1998,00000,79.4
1998,01000,73.6
1998,01001,77
1998,01003,80.2
1998,01005,62.9
1998,01007,60.9
1998,01009,68.4
1998,01011,58.2
1998,01013,64.8
1998,01015,72.6
1998,01017,62.2
1998,01019,61.5
1998,01021,64.3
1998,01023,62.9
1998,01025,68.7
1998,01027,63.6
1998,01029,60.3
1998,01031,72
1998,01033,71.7
1998,01035,64.7
1998,01037,63.3
1998,01039,66.2
1998,01041,58.3
1998,01043,68.1
1998,01045,77.1
1998,01047,68.2
1998,01049,61.6
1998,01051,75.4
1998,01053,66.8
1998,01055,72.1
1998,01057,64.2
1998,01059,60.7
1998,01061,63.6
1998,01063,62.6
1998,01065,63
1998,01067,65.1
1998,01069,74.9
1998,01071,65.2
1998,01073,79.5
1998,01075,62.7
1998,01077,74.7
1998,01079,63.6
1998,01081,79.8
1998,01083,72.2
1998,01085,62.8
1998,01087,68.4
1998,01089,84.4
1998,01091,69.8
1998,01093,60.6
1998,01095,67.8
1998,01097,75.4
1998,01099,66.2
1998,01101,79.3
1998,01103,74.9
1998,01105,60.1
1998,01107,67
1998,01109,67.1
1998,01111,59.6
1998,01113,64.6
1998,01115,69.2
1998,01117,85.1
1998,01119,62.3
1998,01121,67.9
1998,01123,67.6
1998,01125,77
1998,01127,65
1998,01129,69.5
1998,01131,57.8
1998,01133,59.8
1998,02000,88
1998,02010,73.9
1998,02013,73
1998,02016,80
1998,02020,90.3
1998,02050,69.3
1998,02060,89.1
1998,02063,94.8
1998,02066,95.5
1998,02068,91.9
1998,02070,75.2
1998,02090,91.4
1998,02100,86.8
1998,02105,92.5
1998,02110,92.5
1998,02122,88.2
1998,02130,88.8
1998,02150,85.3
1998,02158,64.6
1998,02160,45.9
1998,02164,69.9
1998,02170,88
1998,02180,72.8
1998,02185,75.6
1998,02188,70.4
1998,02195,91.5
1998,02198,88.8
1998,02201,82.8
1998,02220,89.9
1998,02230,95.1
1998,02231,80
1998,02232,84.2
1998,02240,86.6
1998,02250,49.9
1998,02261,87.6
1998,02275,90.7
1998,02280,84.8
1998,02282,84.4
1998,02290,74.1
1998,04000,80.5
1998,04001,61.8
1998,04003,78.7
1998,04005,82.8
1998,04007,76.2
1998,04009,74
1998,04011,80.8
1998,04012,68
1998,04013,82.3
1998,04015,76.6
1998,04017,69.9
1998,04019,82.8
1998,04021,71.3
1998,04023,60
1998,04025,83.5
1998,04027,65.6
1998,05000,73.5
1998,05001,70.1
1998,05003,70.6
1998,05005,75.6
1998,05007,79.3
1998,05009,75
1998,05011,64.5
1998,05013,67.6
1998,05015,71.1
1998,05017,61.6
1998,05019,73.2
1998,05021,58.1
1998,05023,72
1998,05025,70.5
1998,05027,72.1
1998,05029,71.5
1998,05031,75.3
1998,05033,70
1998,05035,66.9
1998,05037,65.8
1998,05039,65.3
1998,05041,63.3
1998,05043,71.1
1998,05045,81.1
1998,05047,68.9
1998,05049,68.7
1998,05051,76.7
1998,05053,75.5
1998,05055,69.4
1998,05057,67.8
1998,05059,71.5
1998,05061,68.9
1998,05063,73
1998,05065,70.9
1998,05067,63.1
1998,05069,73
1998,05071,66.7
1998,05073,62.6
1998,05075,61.3
1998,05077,53.8
1998,05079,63.7
1998,05081,71.6
1998,05083,67.5
1998,05085,75.5
1998,05087,66.2
1998,05089,73.6
1998,05091,72.2
1998,05093,63.8
1998,05095,61.6
1998,05097,67.9
1998,05099,67.4
1998,05101,67.8
1998,05103,71.8
1998,05105,71.3
1998,05107,60.1
1998,05109,67.3
1998,05111,59.4
1998,05113,70.6
1998,05115,75.2
1998,05117,65.8
1998,05119,83.3
1998,05121,66.2
1998,05123,63.1
1998,05125,80.4
1998,05127,63.1
1998,05129,64.9
1998,05131,75.6
1998,05133,63.5
1998,05135,71.2
1998,05137,66.3
1998,05139,72.8
1998,05141,69.8
1998,05143,78.2
1998,05145,70.8
1998,05147,58.2
1998,05149,62.7
1998,06000,76.7
1998,06001,82.2
1998,06003,88.2
1998,06005,83.7
1998,06007,81.4
1998,06009,84.9
1998,06011,63.8
1998,06013,86.8
1998,06015,71.5
1998,06017,88.5
1998,06019,67.2
1998,06021,68.2
1998,06023,84
1998,06025,57.8
1998,06027,82.2
1998,06029,68.3
1998,06031,68.2
1998,06033,76
1998,06035,78.2
1998,06037,69.9
1998,06039,65
1998,06041,91.3
1998,06043,83.6
1998,06045,80.4
1998,06047,63.7
1998,06049,76.1
1998,06051,87.9
1998,06053,69.3
1998,06055,80.5
1998,06057,89.5
1998,06059,79.8
1998,06061,89.4
1998,06063,86.9
1998,06065,74.8
1998,06067,83.1
1998,06069,73.6
1998,06071,74.4
1998,06073,82.5
1998,06075,80.6
1998,06077,70.7
1998,06079,85.1
1998,06081,85.1
1998,06083,79.4
1998,06085,83.1
1998,06087,82.9
1998,06089,82.3
1998,06091,83.3
1998,06093,82.5
1998,06095,83.6
1998,06097,84.8
1998,06099,70
1998,06101,72.9
1998,06103,75
1998,06105,79.6
1998,06107,61.4
1998,06109,83.4
1998,06111,80
1998,06113,79.7
1998,06115,71.1
1998,08000,86.4
1998,08003,81.5
1998,08005,90.9
1998,08007,86
1998,08009,77.2
1998,08011,76.3
1998,08014,87.3
1998,08015,87
1998,08017,83.4
1998,08019,93.1
1998,08021,70.4
1998,08023,66.7
1998,08025,76.1
1998,08027,89
1998,08029,78.7
1998,08031,79
1998,08033,75.2
1998,08035,96.6
1998,08037,87.2
1998,08039,90.8
1998,08041,90.7
1998,08043,79.5
1998,08045,85.4
1998,08047,93.9
1998,08049,91.3
1998,08051,93.4
1998,08053,93.1
1998,08055,75.2
1998,08057,85.4
1998,08061,83
1998,08063,76.3
1998,08065,79.9
1998,08067,90.3
1998,08069,91.6
1998,08071,75
1998,08073,80.3
1998,08075,81.7
1998,08077,83.9
1998,08079,90.2
1998,08081,79.7
1998,08083,79.8
1998,08085,79.5
1998,08087,70.6
1998,08089,74.4
1998,08091,92.2
1998,08093,92.9
1998,08095,81.1
1998,08097,96
1998,08099,71.6
1998,08101,79.8
1998,08103,87
1998,08105,76.4
1998,08107,94.6
1998,08109,69.2
1998,08111,90.2
1998,08113,93.6
1998,08115,77.6
1998,08117,93.7
1998,08119,93.6
1998,08121,80.5
1998,08125,79.3
1998,09000,83
1998,09001,83.7
1998,09003,81.5
1998,09005,84.9
1998,09007,87.5
1998,09009,81.9
1998,09011,85
1998,09013,88.3
1998,09015,77.9
1998,10000,81.6
1998,10001,78.1
1998,10003,84.5
1998,10005,75.1
1998,11000,76.9
1998,11001,76.9
1998,12000,78.8
1998,12001,87
1998,12003,70.3
1998,12005,79.7
1998,12007,72.4
1998,12009,85.5
1998,12011,81
1998,12013,66.5
1998,12015,80.8
1998,12017,76.4
1998,12019,85.4
1998,12021,81.2
1998,12023,73.6
1998,12027,61.7
1998,12029,64.3
1998,12031,81.5
1998,12033,80.9
1998,12035,84.5
1998,12037,66.5
1998,12039,68.5
1998,12041,70.5
1998,12043,67.3
1998,12045,71.4
1998,12047,62
1998,12049,57.4
1998,12051,54.7
1998,12053,76.9
1998,12055,73.2
1998,12057,79.8
1998,12059,63.6
1998,12061,80.6
1998,12063,67.6
1998,12065,71.4
1998,12067,66.2
1998,12069,78
1998,12071,81.2
1998,12073,88.3
1998,12075,71.7
1998,12077,63.8
1998,12079,65.3
1998,12081,80.2
1998,12083,76.5
1998,12085,84.2
1998,12086,67.3
1998,12087,83.9
1998,12089,79
1998,12091,87.2
1998,12093,63.9
1998,12095,81.2
1998,12097,78
1998,12099,82.6
1998,12101,75.5
1998,12103,82.8
1998,12105,73.4
1998,12107,69.2
1998,12109,85.7
1998,12111,76.5
1998,12113,84
1998,12115,85.9
1998,12117,87.9
1998,12119,74.7
1998,12121,71.3
1998,12123,68.4
1998,12125,71.5
1998,12127,80.7
1998,12129,77
1998,12131,74.1
1998,12133,69.1
1998,13000,77.1
1998,13001,65.3
1998,13003,55.3
1998,13005,65.8
1998,13007,63.5
1998,13009,71
1998,13011,63.6
1998,13013,70.4
1998,13015,69.2
1998,13017,64
1998,13019,64.3
1998,13021,75.4
1998,13023,69.4
1998,13025,70.8
1998,13027,65.7
1998,13029,76.9
1998,13031,75.8
1998,13033,63
1998,13035,67.5
1998,13037,62.8
1998,13039,82.5
1998,13043,56.2
1998,13045,69
1998,13047,73.6
1998,13049,63.3
1998,13051,78.9
1998,13053,88.7
1998,13055,58.3
1998,13057,82.6
1998,13059,80.2
1998,13061,61.7
1998,13063,79.5
1998,13065,56.4
1998,13067,88.2
1998,13069,63.4
1998,13071,63.3
1998,13073,86.5
1998,13075,62.7
1998,13077,78.8
1998,13079,65.9
1998,13081,64
1998,13083,64.7
1998,13085,75.6
1998,13087,67.7
1998,13089,84.9
1998,13091,64.4
1998,13093,65.7
1998,13095,72.5
1998,13097,79.3
1998,13099,65.5
1998,13101,60.6
1998,13103,76.3
1998,13105,64.6
1998,13107,59.6
1998,13109,64.3
1998,13111,67.9
1998,13113,91.2
1998,13115,70
1998,13117,82.1
1998,13119,64.4
1998,13121,82.8
1998,13123,63.3
1998,13125,62.9
1998,13127,80.6
1998,13129,64.4
1998,13131,66.5
1998,13133,66.3
1998,13135,87.2
1998,13137,68.5
1998,13139,69.4
1998,13141,59.7
1998,13143,61.6
1998,13145,76.2
1998,13147,68.3
1998,13149,62.6
1998,13151,81.9
1998,13153,83.3
1998,13155,64.8
1998,13157,65.4
1998,13159,68.7
1998,13161,61.7
1998,13163,56.7
1998,13165,59.6
1998,13167,60.3
1998,13169,76.4
1998,13171,68.6
1998,13173,63.8
1998,13175,68.4
1998,13177,79
1998,13179,85.9
1998,13181,68.6
1998,13183,72.2
1998,13185,76.1
1998,13187,69.6
1998,13189,64.6
1998,13191,68.3
1998,13193,61.3
1998,13195,68.6
1998,13197,63.2
1998,13199,63
1998,13201,66.7
1998,13205,63.2
1998,13207,75.4
1998,13209,68.6
1998,13211,71.1
1998,13213,59.3
1998,13215,77.4
1998,13217,71.7
1998,13219,84.8
1998,13221,70
1998,13223,77.5
1998,13225,72.2
1998,13227,67.5
1998,13229,67.8
1998,13231,73.2
1998,13233,61
1998,13235,70.8
1998,13237,72.8
1998,13239,56.1
1998,13241,72.9
1998,13243,59.8
1998,13245,76.6
1998,13247,81.5
1998,13249,67.3
1998,13251,65.3
1998,13253,64.9
1998,13255,66.2
1998,13257,68.9
1998,13259,60.8
1998,13261,68.5
1998,13263,63.1
1998,13265,54.7
1998,13267,64.5
1998,13269,61.1
1998,13271,61.3
1998,13273,62.1
1998,13275,71.5
1998,13277,66.6
1998,13279,65.6
1998,13281,71.7
1998,13283,60
1998,13285,70.6
1998,13287,65.2
1998,13289,60.2
1998,13291,71.1
1998,13293,64.3
1998,13295,65.1
1998,13297,70.4
1998,13299,68.5
1998,13301,54.2
1998,13303,66.3
1998,13305,68.7
1998,13307,59.1
1998,13309,65.7
1998,13311,73.4
1998,13313,62.4
1998,13315,65.1
1998,13317,63.3
1998,13319,68.7
1998,13321,66.3
1998,15000,83.7
1998,15001,83.2
1998,15003,84.1
1998,15005,41.9
1998,15007,81.3
1998,15009,82.1
1998,16000,83.7
1998,16001,90.1
1998,16003,79.7
1998,16005,86.6
1998,16007,84.4
1998,16009,78.7
1998,16011,79.8
1998,16013,90.5
1998,16015,85
1998,16017,84.1
1998,16019,87
1998,16021,78.9
1998,16023,82.2
1998,16025,87.1
1998,16027,75
1998,16029,86.1
1998,16031,76.1
1998,16033,66.1
1998,16035,78.8
1998,16037,83.9
1998,16039,86.4
1998,16041,87
1998,16043,79.4
1998,16045,77.5
1998,16047,72.6
1998,16049,81.3
1998,16051,83
1998,16053,74.6
1998,16055,86.1
1998,16057,90.1
1998,16059,80.8
1998,16061,83.1
1998,16063,77.9
1998,16065,88.3
1998,16067,72.7
1998,16069,84.4
1998,16071,84.9
1998,16073,66.5
1998,16075,73.1
1998,16077,74.2
1998,16079,76.3
1998,16081,85.9
1998,16083,80.1
1998,16085,87.9
1998,16087,75.8
1998,17000,80.4
1998,17001,82
1998,17003,65.5
1998,17005,72.1
1998,17007,79.7
1998,17009,64.4
1998,17011,82.6
1998,17013,76.5
1998,17015,81.8
1998,17017,78.5
1998,17019,90.3
1998,17021,79.4
1998,17023,78.3
1998,17025,73.8
1998,17027,75.4
1998,17029,81.5
1998,17031,76.8
1998,17033,78.6
1998,17035,78.6
1998,17037,86.8
1998,17039,81.7
1998,17041,78.2
1998,17043,89.7
1998,17045,79.8
1998,17047,79.8
1998,17049,81.7
1998,17051,71.5
1998,17053,84.2
1998,17055,74.7
1998,17057,77.4
1998,17059,70.6
1998,17061,76.9
1998,17063,85.3
1998,17065,71.4
1998,17067,84.1
1998,17069,66.4
1998,17071,80.6
1998,17073,83
1998,17075,78.9
1998,17077,83.9
1998,17079,80
1998,17081,75.6
1998,17083,80.4
1998,17085,81.7
1998,17087,66.9
1998,17089,79.7
1998,17091,78.5
1998,17093,88.7
1998,17095,80.8
1998,17097,86.2
1998,17099,79.7
1998,17101,78.9
1998,17103,79.4
1998,17105,77.3
1998,17107,79.5
1998,17109,85.6
1998,17111,88.3
1998,17113,89.5
1998,17115,81.8
1998,17117,80.2
1998,17119,82.6
1998,17121,77.3
1998,17123,83.6
1998,17125,78.4
1998,17127,74.3
1998,17129,86.1
1998,17131,83.4
1998,17133,84.9
1998,17135,76.1
1998,17137,79.1
1998,17139,77.1
1998,17141,82
1998,17143,82.6
1998,17145,71.4
1998,17147,87.6
1998,17149,77.7
1998,17151,73.7
1998,17153,68.5
1998,17155,82.2
1998,17157,69.9
1998,17159,81.4
1998,17161,81.6
1998,17163,79.2
1998,17165,73.5
1998,17167,86.8
1998,17169,80.8
1998,17171,81.2
1998,17173,80.9
1998,17175,82.1
1998,17177,82.6
1998,17179,83.7
1998,17181,72.7
1998,17183,77.5
1998,17185,80.7
1998,17187,81.1
1998,17189,76.4
1998,17191,72.8
1998,17193,72.9
1998,17195,78.5
1998,17197,85.6
1998,17199,78.2
1998,17201,80.4
1998,17203,86.2
1998,18000,80.8
1998,18001,78.9
1998,18003,84.8
1998,18005,82.4
1998,18007,84.5
1998,18009,79.6
1998,18011,87.1
1998,18013,82.2
1998,18015,81.8
1998,18017,80.6
1998,18019,78.5
1998,18021,81
1998,18023,79.3
1998,18025,68.4
1998,18027,70.7
1998,18029,80.3
1998,18031,77.7
1998,18033,83.3
1998,18035,80.2
1998,18037,78.6
1998,18039,75.1
1998,18041,71.7
1998,18043,80.6
1998,18045,79.2
1998,18047,73.9
1998,18049,79.2
1998,18051,79.3
1998,18053,77.7
1998,18055,77.7
1998,18057,93.1
1998,18059,86.3
1998,18061,78.5
1998,18063,87.6
1998,18065,78
1998,18067,82.3
1998,18069,83.7
1998,18071,77.7
1998,18073,81
1998,18075,76.6
1998,18077,78.9
1998,18079,73.8
1998,18081,84.6
1998,18083,80.3
1998,18085,80.8
1998,18087,59.5
1998,18089,79.3
1998,18091,79.3
1998,18093,75.9
1998,18095,78.8
1998,18097,80.6
1998,18099,78.6
1998,18101,72.2
1998,18103,80.8
1998,18105,87.2
1998,18107,84.6
1998,18109,79.3
1998,18111,77.4
1998,18113,76.3
1998,18115,76.3
1998,18117,72
1998,18119,73.2
1998,18121,79.7
1998,18123,72.9
1998,18125,73.6
1998,18127,87.1
1998,18129,82.8
1998,18131,78.2
1998,18133,80.2
1998,18135,78.1
1998,18137,76.9
1998,18139,78.4
1998,18141,81.1
1998,18143,69.1
1998,18145,78.7
1998,18147,79.3
1998,18149,69.6
1998,18151,83.2
1998,18153,79.5
1998,18155,70.3
1998,18157,87.3
1998,18159,82.4
1998,18161,78.2
1998,18163,81.5
1998,18165,79.4
1998,18167,80
1998,18169,80.2
1998,18171,82.3
1998,18173,85.1
1998,18175,73.4
1998,18177,76.7
1998,18179,85.6
1998,18181,81.3
1998,18183,84.7
1998,19000,84.9
1998,19001,85.7
1998,19003,83
1998,19005,80.3
1998,19007,79.5
1998,19009,80.3
1998,19011,85.9
1998,19013,85.3
1998,19015,87.4
1998,19017,85.9
1998,19019,83.4
1998,19021,81.5
1998,19023,80.1
1998,19025,84.1
1998,19027,81.9
1998,19029,84.9
1998,19031,86
1998,19033,86.1
1998,19035,86.3
1998,19037,81.8
1998,19039,83
1998,19041,87.4
1998,19043,81
1998,19045,84
1998,19047,77.3
1998,19049,88.3
1998,19051,77.5
1998,19053,79.7
1998,19055,83.7
1998,19057,84.4
1998,19059,88.2
1998,19061,83.7
1998,19063,81.4
1998,19065,83.2
1998,19067,84.5
1998,19069,83.1
1998,19071,83.5
1998,19073,84.7
1998,19075,85.1
1998,19077,83.9
1998,19079,85.7
1998,19081,84.3
1998,19083,84.3
1998,19085,83.2
1998,19087,84.7
1998,19089,78
1998,19091,85
1998,19093,83.2
1998,19095,84.9
1998,19097,79.6
1998,19099,85
1998,19101,86.9
1998,19103,93.1
1998,19105,84
1998,19107,82.6
1998,19109,84.3
1998,19111,82.4
1998,19113,89.5
1998,19115,79
1998,19117,78.7
1998,19119,77
1998,19121,86.4
1998,19123,81
1998,19125,81.9
1998,19127,82.2
1998,19129,81.8
1998,19131,82.7
1998,19133,80
1998,19135,80.9
1998,19137,81.4
1998,19139,79.2
1998,19141,79.3
1998,19143,79.3
1998,19145,84
1998,19147,82.3
1998,19149,85.5
1998,19151,85.3
1998,19153,87.7
1998,19155,82.6
1998,19157,85.7
1998,19159,81.8
1998,19161,82.8
1998,19163,85.3
1998,19165,85.1
1998,19167,78.7
1998,19169,93
1998,19171,82.5
1998,19173,81.6
1998,19175,85.6
1998,19177,81.1
1998,19179,80
1998,19181,89.4
1998,19183,81.4
1998,19185,81.5
1998,19187,83
1998,19189,85.6
1998,19191,82.6
1998,19193,80.8
1998,19195,84.4
1998,19197,83
1998,20000,85.1
1998,20001,81.3
1998,20003,79.6
1998,20005,83.3
1998,20007,84.5
1998,20009,81.4
1998,20011,82.1
1998,20013,83.4
1998,20015,86
1998,20017,85.3
1998,20019,78.9
1998,20021,78.3
1998,20023,83.2
1998,20025,86.6
1998,20027,85.2
1998,20029,83.6
1998,20031,84.9
1998,20033,88.6
1998,20035,83.7
1998,20037,82.5
1998,20039,84.8
1998,20041,85.1
1998,20043,78.8
1998,20045,91.7
1998,20047,80.2
1998,20049,77.5
1998,20051,85.9
1998,20053,83.2
1998,20055,68.1
1998,20057,71.2
1998,20059,83.7
1998,20061,85.5
1998,20063,83.4
1998,20065,82.4
1998,20067,72.2
1998,20069,72.8
1998,20071,83.4
1998,20073,79.7
1998,20075,76
1998,20077,82.7
1998,20079,84.5
1998,20081,75.1
1998,20083,86.5
1998,20085,86.3
1998,20087,87.3
1998,20089,86.2
1998,20091,94.5
1998,20093,75.4
1998,20095,83.3
1998,20097,83.8
1998,20099,81.2
1998,20101,87
1998,20103,86.1
1998,20105,83.5
1998,20107,79.5
1998,20109,85
1998,20111,81.8
1998,20113,84.4
1998,20115,82.3
1998,20117,83.6
1998,20119,80.1
1998,20121,85.7
1998,20123,87
1998,20125,79.6
1998,20127,83.9
1998,20129,80.7
1998,20131,82.1
1998,20133,82.2
1998,20135,83.1
1998,20137,83.2
1998,20139,83.8
1998,20141,83.1
1998,20143,85.2
1998,20145,84.3
1998,20147,82.3
1998,20149,87.7
1998,20151,85.5
1998,20153,83.8
1998,20155,81.6
1998,20157,86.5
1998,20159,83
1998,20161,93.4
1998,20163,84.5
1998,20165,80.8
1998,20167,81.4
1998,20169,86.1
1998,20171,83
1998,20173,84.6
1998,20175,65.4
1998,20177,87.4
1998,20179,86.5
1998,20181,84.3
1998,20183,82.5
1998,20185,82.1
1998,20187,77.8
1998,20189,80.1
1998,20191,84.5
1998,20193,91.2
1998,20195,82
1998,20197,88.7
1998,20199,82.8
1998,20201,78.9
1998,20203,76.5
1998,20205,79.8
1998,20207,80.8
1998,20209,73.2
1998,21000,72.2
1998,21001,57.3
1998,21003,61.8
1998,21005,77.7
1998,21007,73.9
1998,21009,66.5
1998,21011,56.5
1998,21013,54.6
1998,21015,83.4
1998,21017,73.1
1998,21019,76.2
1998,21021,74.4
1998,21023,66.9
1998,21025,55.6
1998,21027,66.5
1998,21029,73.7
1998,21031,57.9
1998,21033,70.9
1998,21035,76.1
1998,21037,78.8
1998,21039,71.2
1998,21041,66.4
1998,21043,61.8
1998,21045,54.5
1998,21047,76.2
1998,21049,73
1998,21051,47.3
1998,21053,51.7
1998,21055,65.5
1998,21057,52.7
1998,21059,79
1998,21061,59.1
1998,21063,50.9
1998,21065,56.1
1998,21067,84.7
1998,21069,64
1998,21071,59.2
1998,21073,78.2
1998,21075,66.5
1998,21077,66.4
1998,21079,66.4
1998,21081,70.2
1998,21083,71.1
1998,21085,59.9
1998,21087,58.9
1998,21089,73
1998,21091,75.6
1998,21093,80.9
1998,21095,56.9
1998,21097,71.8
1998,21099,55.6
1998,21101,76.3
1998,21103,70.9
1998,21105,62.9
1998,21107,69.5
1998,21109,50
1998,21111,80.3
1998,21113,77.1
1998,21115,62
1998,21117,80.6
1998,21119,56
1998,21121,52.6
1998,21123,68.6
1998,21125,61.7
1998,21127,55.8
1998,21129,49.4
1998,21131,50.1
1998,21133,55.9
1998,21135,55
1998,21137,61.8
1998,21139,72.1
1998,21141,66.3
1998,21143,66.6
1998,21145,78.9
1998,21147,50.1
1998,21149,68.4
1998,21151,73.1
1998,21153,47.7
1998,21155,68.2
1998,21157,75
1998,21159,52.1
1998,21161,70.8
1998,21163,77.2
1998,21165,55.3
1998,21167,73.2
1998,21169,55.4
1998,21171,55.7
1998,21173,67.6
1998,21175,53.9
1998,21177,63.6
1998,21179,76.7
1998,21181,61.4
1998,21183,64.2
1998,21185,85.2
1998,21187,65.4
1998,21189,46.5
1998,21191,70.3
1998,21193,56.2
1998,21195,59.5
1998,21197,54.9
1998,21199,63.7
1998,21201,58.9
1998,21203,55.1
1998,21205,68.3
1998,21207,59.5
1998,21209,78.2
1998,21211,77.3
1998,21213,70.7
1998,21215,71.8
1998,21217,65.9
1998,21219,60.9
1998,21221,69.5
1998,21223,68.9
1998,21225,75.1
1998,21227,78.4
1998,21229,66.6
1998,21231,55.2
1998,21233,68.9
1998,21235,59.6
1998,21237,51.4
1998,21239,80.8
1998,22000,73.5
1998,22001,62.7
1998,22003,62
1998,22005,77.4
1998,22007,57.6
1998,22009,57.9
1998,22011,74.1
1998,22013,70
1998,22015,82.2
1998,22017,77.6
1998,22019,75.7
1998,22021,63.7
1998,22023,66.7
1998,22025,59.9
1998,22027,64.7
1998,22029,63.1
1998,22031,69
1998,22033,83.2
1998,22035,56.1
1998,22037,68.2
1998,22039,54
1998,22041,59.9
1998,22043,71
1998,22045,65.4
1998,22047,64.4
1998,22049,71.7
1998,22051,78.6
1998,22053,67.5
1998,22055,78.5
1998,22057,64.3
1998,22059,67
1998,22061,79.2
1998,22063,75.1
1998,22065,61.4
1998,22067,64.8
1998,22069,71.2
1998,22071,73.4
1998,22073,77.2
1998,22075,66.6
1998,22077,67
1998,22079,73.5
1998,22081,65.4
1998,22083,59.9
1998,22085,69
1998,22087,71.9
1998,22089,78.8
1998,22091,65.5
1998,22093,71.3
1998,22095,75.8
1998,22097,60.7
1998,22099,61.1
1998,22101,64.3
1998,22103,82.5
1998,22105,69.3
1998,22107,62.2
1998,22109,65.6
1998,22111,70.2
1998,22113,64.1
1998,22115,79.5
1998,22117,66.9
1998,22119,69.4
1998,22121,71.9
1998,22123,58
1998,22125,54.1
1998,22127,63.9
1998,23000,84.1
1998,23001,78.2
1998,23003,75.7
1998,23005,89.1
1998,23007,84.1
1998,23009,86.9
1998,23011,83.9
1998,23013,86.2
1998,23015,86.6
1998,23017,81.3
1998,23019,84.4
1998,23021,79.3
1998,23023,86.6
1998,23025,79
1998,23027,83.2
1998,23029,78.6
1998,23031,85.1
1998,24000,82.7
1998,24001,78.1
1998,24003,85.3
1998,24005,83.1
1998,24009,85.4
1998,24011,73.4
1998,24013,83.9
1998,24015,79.4
1998,24017,84.8
1998,24019,72.3
1998,24021,85.8
1998,24023,77
1998,24025,85.7
1998,24027,92.7
1998,24029,77.3
1998,24031,90.4
1998,24033,84.6
1998,24035,82.7
1998,24037,83.7
1998,24039,67.8
1998,24041,82.8
1998,24043,76.1
1998,24045,79
1998,24047,79.5
1998,24510,66.9
1998,25000,83.8
1998,25001,91.1
1998,25003,83.7
1998,25005,71.6
1998,25007,90.4
1998,25009,83.7
1998,25011,86.9
1998,25013,78.1
1998,25015,88.1
1998,25017,87.7
1998,25019,91.2
1998,25021,90.6
1998,25023,86.8
1998,25025,77.6
1998,25027,82.3
1998,26000,82.1
1998,26001,77.5
1998,26003,79.8
1998,26005,80.7
1998,26007,81.2
1998,26009,83
1998,26011,74.5
1998,26013,78.6
1998,26015,85.1
1998,26017,80.7
1998,26019,83.6
1998,26021,80.5
1998,26023,78.8
1998,26025,81.9
1998,26027,78.8
1998,26029,84.7
1998,26031,80.2
1998,26033,80.6
1998,26035,74.3
1998,26037,88.1
1998,26039,79.3
1998,26041,84.3
1998,26043,86.7
1998,26045,88.7
1998,26047,87.5
1998,26049,81.8
1998,26051,75.6
1998,26053,83.7
1998,26055,88.4
1998,26057,82.2
1998,26059,81.5
1998,26061,82.5
1998,26063,76.2
1998,26065,87.3
1998,26067,82.2
1998,26069,77.6
1998,26071,82.4
1998,26073,84.8
1998,26075,82.9
1998,26077,87.7
1998,26079,77.9
1998,26081,83.7
1998,26083,79.8
1998,26085,70
1998,26087,83.1
1998,26089,89.6
1998,26091,82
1998,26093,90.2
1998,26095,74.3
1998,26097,80.3
1998,26099,81.7
1998,26101,79.8
1998,26103,87.2
1998,26105,81.4
1998,26107,82.6
1998,26109,81.7
1998,26111,87.8
1998,26113,76.8
1998,26115,81.3
1998,26117,79.6
1998,26119,73.4
1998,26121,81.3
1998,26123,77.2
1998,26125,88.4
1998,26127,78.5
1998,26129,72.6
1998,26131,82
1998,26133,78.8
1998,26135,72.3
1998,26137,84.3
1998,26139,85.2
1998,26141,74.7
1998,26143,77.5
1998,26145,80.2
1998,26147,81.2
1998,26149,77.6
1998,26151,78.2
1998,26153,77.8
1998,26155,83.3
1998,26157,79.6
1998,26159,77.5
1998,26161,90.6
1998,26163,75.6
1998,26165,80.5
1998,27000,86.8
1998,27001,78.4
1998,27003,90.1
1998,27005,80.9
1998,27007,81.9
1998,27009,83.4
1998,27011,77.7
1998,27013,86.7
1998,27015,79.7
1998,27017,82.5
1998,27019,90
1998,27021,81.6
1998,27023,80
1998,27025,87
1998,27027,85.5
1998,27029,74.1
1998,27031,87.9
1998,27033,78.7
1998,27035,84.2
1998,27037,92.7
1998,27039,85.1
1998,27041,83.7
1998,27043,81.8
1998,27045,79.4
1998,27047,80.1
1998,27049,85
1998,27051,81.2
1998,27053,90.1
1998,27055,83.6
1998,27057,84.2
1998,27059,84.9
1998,27061,84
1998,27063,82.1
1998,27065,78.5
1998,27067,82.1
1998,27069,78
1998,27071,80.1
1998,27073,79.1
1998,27075,85.2
1998,27077,82.7
1998,27079,82.9
1998,27081,77.4
1998,27083,81.3
1998,27085,82.9
1998,27087,72.9
1998,27089,77
1998,27091,82
1998,27093,79.9
1998,27095,79.1
1998,27097,77.3
1998,27099,81
1998,27101,77.2
1998,27103,88.4
1998,27105,74.7
1998,27107,77.9
1998,27109,90.5
1998,27111,79.4
1998,27113,79.5
1998,27115,77
1998,27117,76.2
1998,27119,80.2
1998,27121,79.9
1998,27123,87.1
1998,27125,75.9
1998,27127,78.4
1998,27129,79.1
1998,27131,83.9
1998,27133,79.2
1998,27135,80.4
1998,27137,85.8
1998,27139,89.8
1998,27141,88.8
1998,27143,77
1998,27145,84.6
1998,27147,85.2
1998,27149,82.9
1998,27151,78
1998,27153,77.1
1998,27155,80
1998,27157,83.8
1998,27159,77.7
1998,27161,83.3
1998,27163,93.2
1998,27165,75.2
1998,27167,82.4
1998,27169,82.7
1998,27171,86.5
1998,27173,80
1998,28000,71.2
1998,28001,72.2
1998,28003,65.7
1998,28005,65.2
1998,28007,61
1998,28009,56.3
1998,28011,63.2
1998,28013,62.1
1998,28015,64.1
1998,28017,58.1
1998,28019,63.6
1998,28021,69
1998,28023,67.4
1998,28025,67
1998,28027,60.6
1998,28029,67.7
1998,28031,64.9
1998,28033,79.5
1998,28035,77.9
1998,28037,65.6
1998,28039,67.6
1998,28041,66.4
1998,28043,62.3
1998,28045,75.9
1998,28047,79.2
1998,28049,79.4
1998,28051,57.4
1998,28053,52.2
1998,28055,55.8
1998,28057,62.5
1998,28059,79.7
1998,28061,65.4
1998,28063,58.4
1998,28065,64.6
1998,28067,72
1998,28069,59.7
1998,28071,76.8
1998,28073,81.1
1998,28075,73.9
1998,28077,70.7
1998,28079,62.1
1998,28081,73.3
1998,28083,60.6
1998,28085,70.2
1998,28087,74.2
1998,28089,80.7
1998,28091,65
1998,28093,59.1
1998,28095,63.5
1998,28097,61
1998,28099,66.3
1998,28101,70.3
1998,28103,56.6
1998,28105,78.6
1998,28107,61.7
1998,28109,73.4
1998,28111,70
1998,28113,68.4
1998,28115,64.8
1998,28117,62.5
1998,28119,53.2
1998,28121,80.2
1998,28123,60.2
1998,28125,58.7
1998,28127,66.6
1998,28129,68
1998,28131,73.5
1998,28133,57.3
1998,28135,53.2
1998,28137,69.6
1998,28139,63.3
1998,28141,62.7
1998,28143,57.6
1998,28145,66.3
1998,28147,64.6
1998,28149,75.1
1998,28151,65
1998,28153,63
1998,28155,65.9
1998,28157,56.1
1998,28159,66.4
1998,28161,66.3
1998,28163,62.7
1998,29000,79.8
1998,29001,82.5
1998,29003,83.5
1998,29005,79.4
1998,29007,73.7
1998,29009,74
1998,29011,75.5
1998,29013,74.9
1998,29015,70.3
1998,29017,67.1
1998,29019,88.3
1998,29021,79.6
1998,29023,67.8
1998,29025,80.3
1998,29027,77.1
1998,29029,81
1998,29031,79.8
1998,29033,77.3
1998,29035,64.5
1998,29037,85.4
1998,29039,72
1998,29041,77.9
1998,29043,84
1998,29045,77.2
1998,29047,87.9
1998,29049,84.3
1998,29051,83.7
1998,29053,78.4
1998,29055,67.2
1998,29057,77.2
1998,29059,70.8
1998,29061,77.4
1998,29063,76.2
1998,29065,63.8
1998,29067,67.7
1998,29069,61.2
1998,29071,75.7
1998,29073,71.4
1998,29075,79.6
1998,29077,83.5
1998,29079,77.5
1998,29081,78.4
1998,29083,75.4
1998,29085,70.8
1998,29087,80.6
1998,29089,79
1998,29091,71
1998,29093,63.4
1998,29095,82.6
1998,29097,77.9
1998,29099,77.8
1998,29101,84.9
1998,29103,78.4
1998,29105,71.2
1998,29107,78.1
1998,29109,75.7
1998,29111,77.9
1998,29113,74.5
1998,29115,78.2
1998,29117,78.8
1998,29119,67.7
1998,29121,76.3
1998,29123,65.8
1998,29125,71.8
1998,29127,77.7
1998,29129,80.2
1998,29131,71.7
1998,29133,58.7
1998,29135,75.6
1998,29137,76.9
1998,29139,69.4
1998,29141,72.5
1998,29143,61.3
1998,29145,78.4
1998,29147,85.8
1998,29149,69.5
1998,29151,73.2
1998,29153,70.6
1998,29155,56.5
1998,29157,68.2
1998,29159,77.1
1998,29161,77.2
1998,29163,74.3
1998,29165,91
1998,29167,75.4
1998,29169,83.8
1998,29171,76.9
1998,29173,77
1998,29175,75.4
1998,29177,77.7
1998,29179,62.8
1998,29181,59.4
1998,29183,87.9
1998,29185,70.6
1998,29186,71.6
1998,29187,70.4
1998,29189,86.9
1998,29195,72.7
1998,29197,78.7
1998,29199,75.3
1998,29201,70.8
1998,29203,64.9
1998,29205,79.6
1998,29207,64.7
1998,29209,78.4
1998,29211,71.1
1998,29213,79.3
1998,29215,69.3
1998,29217,74.8
1998,29219,77.2
1998,29221,60.2
1998,29223,57.5
1998,29225,73.2
1998,29227,79
1998,29229,68.8
1998,29510,69.6
1998,30000,86
1998,30001,88.2
1998,30003,75
1998,30005,77
1998,30007,82.9
1998,30009,86.1
1998,30011,81.8
1998,30013,86.3
1998,30015,86.4
1998,30017,83.3
1998,30019,83.1
1998,30021,81.1
1998,30023,82.5
1998,30025,83.6
1998,30027,84.5
1998,30029,86.3
1998,30033,82.3
1998,30035,77.3
1998,30037,70.9
1998,30039,85.4
1998,30041,85.1
1998,30043,88.4
1998,30045,86.2
1998,30047,82.8
1998,30049,90.6
1998,30051,75.4
1998,30053,78.8
1998,30055,84.8
1998,30057,88.8
1998,30059,81.5
1998,30061,81.4
1998,30063,89.9
1998,30065,80.3
1998,30069,82.7
1998,30071,80.7
1998,30073,80
1998,30075,81.8
1998,30077,80.8
1998,30079,77.3
1998,30081,85.7
1998,30083,81.9
1998,30085,78.5
1998,30087,83.2
1998,30089,80
1998,30091,79.9
1998,30093,83.7
1998,30095,85.6
1998,30097,86.9
1998,30099,82.1
1998,30101,80.3
1998,30103,86.1
1998,30105,82.8
1998,30107,69.6
1998,30109,75.1
1998,30111,87.5
1998,30113,89.53333333333333
1998,31000,85.6
1998,31001,85.3
1998,31003,83.9
1998,31005,88.3
1998,31007,92.9
1998,31009,91.8
1998,31011,82.7
1998,31013,87.3
1998,31015,80.8
1998,31017,82.6
1998,31019,88
1998,31021,82.8
1998,31023,81.2
1998,31025,87.9
1998,31027,81.8
1998,31029,84.9
1998,31031,83.2
1998,31033,85.4
1998,31035,84.7
1998,31037,71.7
1998,31039,77.3
1998,31041,86.1
1998,31043,73.8
1998,31045,85.5
1998,31047,74.6
1998,31049,84.1
1998,31051,80.9
1998,31053,82.5
1998,31055,86.7
1998,31057,80.2
1998,31059,86.8
1998,31061,82.8
1998,31063,86.8
1998,31065,82.4
1998,31067,80.3
1998,31069,83.4
1998,31071,79.6
1998,31073,86.9
1998,31075,90.1
1998,31077,82.3
1998,31079,81.6
1998,31081,87.7
1998,31083,84.8
1998,31085,87.4
1998,31087,84.6
1998,31089,82.8
1998,31091,87.7
1998,31093,84.8
1998,31095,82.4
1998,31097,79
1998,31099,86.9
1998,31101,85.6
1998,31103,81.1
1998,31105,82.4
1998,31107,79.8
1998,31109,90
1998,31111,85.3
1998,31113,89.2
1998,31115,89.1
1998,31117,86.5
1998,31119,81.7
1998,31121,83.6
1998,31123,78.3
1998,31125,78.7
1998,31127,83.8
1998,31129,82.4
1998,31131,84
1998,31133,82
1998,31135,85.5
1998,31137,88.3
1998,31139,82.4
1998,31141,83.7
1998,31143,85.5
1998,31145,86.8
1998,31147,80.1
1998,31149,85.8
1998,31151,80.2
1998,31153,92.8
1998,31155,85.3
1998,31157,78.5
1998,31159,86.1
1998,31161,83.8
1998,31163,80
1998,31165,84.5
1998,31167,84.8
1998,31169,79.3
1998,31171,82.7
1998,31173,78.4
1998,31175,82.9
1998,31177,88.3
1998,31179,85.7
1998,31181,81.7
1998,31183,88.4
1998,31185,86.1
1998,32000,80.3
1998,32001,84
1998,32003,79.1
1998,32005,90.7
1998,32007,79
1998,32009,77.4
1998,32011,76.4
1998,32013,77.7
1998,32015,78
1998,32017,81.9
1998,32019,80.2
1998,32021,76.3
1998,32023,78.4
1998,32027,75.3
1998,32029,86.2
1998,32031,83.6
1998,32033,80.2
1998,32510,82.5
1998,33000,86.4
1998,33001,84.6
1998,33003,87.3
1998,33005,85.1
1998,33007,75.5
1998,33009,86.4
1998,33011,86
1998,33013,87.2
1998,33015,89.6
1998,33017,85.1
1998,33019,81.4
1998,34000,81
1998,34001,77.1
1998,34003,85.6
1998,34005,86.1
1998,34007,79.3
1998,34009,80.3
1998,34011,67.5
1998,34013,74.5
1998,34015,82.9
1998,34017,69.2
1998,34019,90.4
1998,34021,80.9
1998,34023,83.4
1998,34025,86.9
1998,34027,89.9
1998,34029,81.4
1998,34031,72.4
1998,34033,78
1998,34035,88.9
1998,34037,88.9
1998,34039,78.5
1998,34041,83.4
1998,35000,78.1
1998,35001,83.9
1998,35003,77.4
1998,35005,71.5
1998,35006,73.3
1998,35007,78.9
1998,35009,77.9
1998,35011,70.4
1998,35013,70.1
1998,35015,73.5
1998,35017,77.6
1998,35019,66.2
1998,35021,70.9
1998,35023,69.4
1998,35025,66.4
1998,35027,83
1998,35028,96
1998,35029,59.6
1998,35031,63.9
1998,35033,67.8
1998,35035,81.1
1998,35037,73.1
1998,35039,71.6
1998,35041,73.4
1998,35043,84.7
1998,35045,75.3
1998,35047,73.3
1998,35049,84.1
1998,35051,73.6
1998,35053,71.1
1998,35055,77.6
1998,35057,76.2
1998,35059,76.6
1998,35061,75.5
1998,36000,78.2
1998,36001,85.2
1998,36003,81.9
1998,36005,61.5
1998,36007,82.8
1998,36009,79.9
1998,36011,77.9
1998,36013,79.8
1998,36015,81.1
1998,36017,79.6
1998,36019,76
1998,36021,79.5
1998,36023,81.6
1998,36025,78.7
1998,36027,83.2
1998,36029,81.6
1998,36031,79.2
1998,36033,69.7
1998,36035,76.3
1998,36037,83
1998,36039,77.4
1998,36041,82.2
1998,36043,78
1998,36045,81.6
1998,36047,67.8
1998,36049,79.5
1998,36051,81.3
1998,36053,82.5
1998,36055,83.9
1998,36057,76.5
1998,36059,86.2
1998,36061,78
1998,36063,81.8
1998,36065,78.2
1998,36067,84.7
1998,36069,86.1
1998,36071,80.9
1998,36073,75.4
1998,36075,79.3
1998,36077,81.9
1998,36079,89.5
1998,36081,73.7
1998,36083,83.5
1998,36085,81.8
1998,36087,84.9
1998,36089,78
1998,36091,87.2
1998,36093,84
1998,36095,80.1
1998,36097,80.8
1998,36099,78.5
1998,36101,81.2
1998,36103,85.4
1998,36105,75.2
1998,36107,84
1998,36109,90.6
1998,36111,80.7
1998,36113,83.3
1998,36115,78.2
1998,36117,80.7
1998,36119,83.1
1998,36121,74.5
1998,36123,78.7
1998,37000,76.5
1998,37001,74.8
1998,37003,66.8
1998,37005,64.9
1998,37007,68.3
1998,37009,66
1998,37011,68.9
1998,37013,73.2
1998,37015,62
1998,37017,67.8
1998,37019,76.5
1998,37021,80.4
1998,37023,66.1
1998,37025,76
1998,37027,64.3
1998,37029,78.9
1998,37031,80.8
1998,37033,66.4
1998,37035,73.2
1998,37037,76.3
1998,37039,70.6
1998,37041,71.1
1998,37043,73.8
1998,37045,70.5
1998,37047,66.8
1998,37049,80.9
1998,37051,84.1
1998,37053,75.6
1998,37055,87.1
1998,37057,70.4
1998,37059,76.4
1998,37061,63.9
1998,37063,82.2
1998,37065,64.2
1998,37067,81.1
1998,37069,71.4
1998,37071,69.3
1998,37073,69.3
1998,37075,66.1
1998,37077,70.8
1998,37079,64.2
1998,37081,81.6
1998,37083,63.1
1998,37085,72.8
1998,37087,75.8
1998,37089,81.8
1998,37091,64.1
1998,37093,69.9
1998,37095,66.7
1998,37097,76
1998,37099,76.8
1998,37101,73.6
1998,37103,70.2
1998,37105,75.5
1998,37107,70.1
1998,37109,69.8
1998,37111,67.9
1998,37113,75.2
1998,37115,66.7
1998,37117,68.2
1998,37119,85.3
1998,37121,65.9
1998,37123,62.4
1998,37125,80.9
1998,37127,73.5
1998,37129,84.7
1998,37131,60.6
1998,37133,84
1998,37135,86.8
1998,37137,73.3
1998,37139,74.9
1998,37141,74.4
1998,37143,69.8
1998,37145,72.6
1998,37147,78.1
1998,37149,78.4
1998,37151,68.4
1998,37153,67.4
1998,37155,63.3
1998,37157,67
1998,37159,72.6
1998,37161,68.2
1998,37163,67.5
1998,37165,69.3
1998,37167,71.1
1998,37169,71.1
1998,37171,65.1
1998,37173,68.2
1998,37175,80.4
1998,37177,64.6
1998,37179,78
1998,37181,65.9
1998,37183,88.5
1998,37185,64.7
1998,37187,68
1998,37189,79.7
1998,37191,76
1998,37193,63.6
1998,37195,68
1998,37197,69.4
1998,37199,69
1998,38000,82.5
1998,38001,81
1998,38003,83.1
1998,38005,72.1
1998,38007,76.5
1998,38009,80
1998,38011,80.6
1998,38013,76.4
1998,38015,86.9
1998,38017,90.1
1998,38019,76.7
1998,38021,77.4
1998,38023,78.2
1998,38025,76.1
1998,38027,73.7
1998,38029,64.2
1998,38031,76.3
1998,38033,84.8
1998,38035,88.5
1998,38037,71.2
1998,38039,76.5
1998,38041,73.7
1998,38043,69.7
1998,38045,73.5
1998,38047,63.2
1998,38049,74.9
1998,38051,57.2
1998,38053,77.8
1998,38055,76.8
1998,38057,77.4
1998,38059,78.2
1998,38061,76.9
1998,38063,79
1998,38065,77.6
1998,38067,78.5
1998,38069,74.5
1998,38071,79
1998,38073,79.7
1998,38075,82.1
1998,38077,81.7
1998,38079,70.8
1998,38081,79.4
1998,38083,64.1
1998,38085,76.5
1998,38087,80.3
1998,38089,78.5
1998,38091,83.3
1998,38093,79.6
1998,38095,79.9
1998,38097,82.3
1998,38099,74.9
1998,38101,86.5
1998,38103,70.7
1998,38105,81.4
1998,39000,81.5
1998,39001,66.6
1998,39003,81.2
1998,39005,81.8
1998,39007,78.4
1998,39009,81.2
1998,39011,83.9
1998,39013,79.2
1998,39015,72.8
1998,39017,81.8
1998,39019,78.4
1998,39021,80.9
1998,39023,79.6
1998,39025,80.2
1998,39027,81.3
1998,39029,78.8
1998,39031,77.2
1998,39033,78.9
1998,39035,80.1
1998,39037,80.9
1998,39039,83.1
1998,39041,91.2
1998,39043,82.4
1998,39045,85.8
1998,39047,76
1998,39049,84.8
1998,39051,83.9
1998,39053,71.8
1998,39055,85.4
1998,39057,86.7
1998,39059,77
1998,39061,81.3
1998,39063,87.3
1998,39065,79.3
1998,39067,77.6
1998,39069,81.9
1998,39071,74.3
1998,39073,76
1998,39075,50.6
1998,39077,79.6
1998,39079,71
1998,39081,79.7
1998,39083,80.5
1998,39085,85.3
1998,39087,73.7
1998,39089,83
1998,39091,81.8
1998,39093,81.3
1998,39095,81.6
1998,39097,77.1
1998,39099,80.8
1998,39101,79
1998,39103,87.5
1998,39105,71.4
1998,39107,82.3
1998,39109,81.5
1998,39111,76.9
1998,39113,82.4
1998,39115,78.8
1998,39117,77.1
1998,39119,78.7
1998,39121,76.9
1998,39123,82.5
1998,39125,79.7
1998,39127,76.8
1998,39129,75.7
1998,39131,68.2
1998,39133,84.6
1998,39135,79.9
1998,39137,84.4
1998,39139,78.9
1998,39141,74.4
1998,39143,81
1998,39145,72
1998,39147,81.5
1998,39149,79.8
1998,39151,81.9
1998,39153,84.2
1998,39155,81
1998,39157,78.6
1998,39159,84
1998,39161,85.1
1998,39163,68.3
1998,39165,84.1
1998,39167,83.1
1998,39169,78.7
1998,39171,81.7
1998,39173,87.6
1998,39175,81.3
1998,40000,79.4
1998,40001,64.6
1998,40003,80.6
1998,40005,67.5
1998,40007,80
1998,40009,74
1998,40011,74.6
1998,40013,73.4
1998,40015,74
1998,40017,86.3
1998,40019,75.7
1998,40021,75.3
1998,40023,66.8
1998,40025,75.5
1998,40027,87.3
1998,40029,67
1998,40031,84.4
1998,40033,74.2
1998,40035,74.9
1998,40037,75.9
1998,40039,80
1998,40041,73.6
1998,40043,77.5
1998,40045,79.7
1998,40047,81.1
1998,40049,71.1
1998,40051,77.4
1998,40053,84.1
1998,40055,74.3
1998,40057,62.2
1998,40059,80.9
1998,40061,64.8
1998,40063,68.4
1998,40065,78.1
1998,40067,67.2
1998,40069,67.5
1998,40071,80.1
1998,40073,80.2
1998,40075,74.9
1998,40077,71.7
1998,40079,68.6
1998,40081,75.8
1998,40083,79.6
1998,40085,72.2
1998,40087,77.9
1998,40089,67.2
1998,40091,69.6
1998,40093,77.1
1998,40095,68.9
1998,40097,74.5
1998,40099,72.2
1998,40101,73.7
1998,40103,79.8
1998,40105,74.4
1998,40107,67.7
1998,40109,81.8
1998,40111,73
1998,40113,78.8
1998,40115,74.1
1998,40117,77.6
1998,40119,85.8
1998,40121,73.8
1998,40123,76.4
1998,40125,77.5
1998,40127,66.8
1998,40129,77.9
1998,40131,82.3
1998,40133,71
1998,40135,68.1
1998,40137,75.8
1998,40139,72.6
1998,40141,66.3
1998,40143,84.4
1998,40145,80
1998,40147,84.1
1998,40149,77.1
1998,40151,81.4
1998,40153,78.6
1998,41000,84.4
1998,41001,79.2
1998,41003,92.3
1998,41005,88.3
1998,41007,84.8
1998,41009,84.1
1998,41011,80.4
1998,41013,78.8
1998,41015,81
1998,41017,87.4
1998,41019,79.7
1998,41021,88.5
1998,41023,83
1998,41025,80.6
1998,41027,76.8
1998,41029,84
1998,41031,76
1998,41033,80.5
1998,41035,80.4
1998,41037,78.7
1998,41039,86.6
1998,41041,84
1998,41043,80.8
1998,41045,70.8
1998,41047,79.2
1998,41049,74.1
1998,41051,85.1
1998,41053,84.4
1998,41055,84.1
1998,41057,82.5
1998,41059,77.3
1998,41061,84.5
1998,41063,86.2
1998,41065,81.2
1998,41067,88.8
1998,41069,77.4
1998,41071,82.1
1998,42000,80.5
1998,42001,77.8
1998,42003,84.8
1998,42005,78.2
1998,42007,81.9
1998,42009,76.3
1998,42011,76.4
1998,42013,82
1998,42015,80.5
1998,42017,87.5
1998,42019,85.2
1998,42021,78.2
1998,42023,78.5
1998,42025,77.1
1998,42027,87.3
1998,42029,88.4
1998,42031,80.1
1998,42033,77.3
1998,42035,78.8
1998,42037,79.1
1998,42039,80.1
1998,42041,85.1
1998,42043,82.2
1998,42045,85.5
1998,42047,81.1
1998,42049,83.2
1998,42051,74.4
1998,42053,77.6
1998,42055,77
1998,42057,71.4
1998,42059,74.2
1998,42061,73.9
1998,42063,79.6
1998,42065,79.3
1998,42067,72.6
1998,42069,80.3
1998,42071,76
1998,42073,79.9
1998,42075,76.9
1998,42077,79.8
1998,42079,79.3
1998,42081,79.4
1998,42083,80.8
1998,42085,81.3
1998,42087,75.4
1998,42089,82.6
1998,42091,87.6
1998,42093,80.9
1998,42095,79.2
1998,42097,75.9
1998,42099,78.4
1998,42101,69.8
1998,42103,85.3
1998,42105,79.2
1998,42107,75.4
1998,42109,71.4
1998,42111,75.8
1998,42113,76.4
1998,42115,81.2
1998,42117,79
1998,42119,73.1
1998,42121,79.6
1998,42123,83.2
1998,42125,80.7
1998,42127,79.4
1998,42129,84
1998,42131,82.5
1998,42133,79.1
1998,44000,76.8
1998,44001,79.3
1998,44003,82.5
1998,44005,86.7
1998,44007,71.4
1998,44009,87.4
1998,45000,74.7
1998,45001,67.9
1998,45003,76.3
1998,45005,58.5
1998,45007,71.5
1998,45009,63.6
1998,45011,66
1998,45013,86.9
1998,45015,79.2
1998,45017,70.6
1998,45019,80.3
1998,45021,64.8
1998,45023,65.1
1998,45025,62.9
1998,45027,63.2
1998,45029,68
1998,45031,67.9
1998,45033,59.1
1998,45035,81.1
1998,45037,69.6
1998,45039,65.2
1998,45041,71.3
1998,45043,72.9
1998,45045,77.9
1998,45047,71.3
1998,45049,65.3
1998,45051,79.7
1998,45053,63.1
1998,45055,73.9
1998,45057,67.8
1998,45059,65.6
1998,45061,59.8
1998,45063,81.9
1998,45065,63.4
1998,45067,65.5
1998,45069,58.9
1998,45071,67.7
1998,45073,71.8
1998,45075,69.7
1998,45077,72
1998,45079,84
1998,45081,67.4
1998,45083,71.1
1998,45085,73.4
1998,45087,64.5
1998,45089,63.5
1998,45091,75.3
1998,46000,83.1
1998,46003,77.6
1998,46005,81.5
1998,46007,70.6
1998,46009,76.8
1998,46011,88.6
1998,46013,84.2
1998,46015,79.6
1998,46017,63.4
1998,46019,78.7
1998,46021,76.5
1998,46023,73.3
1998,46025,75.4
1998,46027,88.5
1998,46029,83.4
1998,46031,73.5
1998,46033,87.2
1998,46035,82.3
1998,46037,77.8
1998,46039,79.4
1998,46041,75.3
1998,46043,66.6
1998,46045,71.7
1998,46047,80.8
1998,46049,72.4
1998,46051,78.4
1998,46053,76.2
1998,46055,85.8
1998,46057,77.8
1998,46059,78.8
1998,46061,74.7
1998,46063,86.8
1998,46065,88.5
1998,46067,69.9
1998,46069,78.6
1998,46071,79.9
1998,46073,77.3
1998,46075,84.1
1998,46077,80.6
1998,46079,84.5
1998,46081,86.3
1998,46083,87.4
1998,46085,79.1
1998,46087,80.6
1998,46089,56.2
1998,46091,73.6
1998,46093,86.5
1998,46095,76.1
1998,46097,77.9
1998,46099,87.4
1998,46101,82.7
1998,46102,67.9
1998,46103,87.2
1998,46105,78.7
1998,46107,78.9
1998,46109,73.3
1998,46111,80.9
1998,46115,79.7
1998,46117,85.7
1998,46119,83.7
1998,46121,72.7
1998,46123,78.5
1998,46125,81.1
1998,46127,84.6
1998,46129,76.8
1998,46135,84.3
1998,46137,69.6
1998,47000,74.1
1998,47001,77.6
1998,47003,67.3
1998,47005,63.9
1998,47007,63.2
1998,47009,76.4
1998,47011,71.5
1998,47013,56.5
1998,47015,64.7
1998,47017,65.4
1998,47019,66.8
1998,47021,73.3
1998,47023,65.2
1998,47025,58.4
1998,47027,56.4
1998,47029,59
1998,47031,72
1998,47033,63.5
1998,47035,70
1998,47037,80.4
1998,47039,61.5
1998,47041,61.7
1998,47043,70.4
1998,47045,64.1
1998,47047,67.6
1998,47049,54.8
1998,47051,71.7
1998,47053,68.2
1998,47055,70
1998,47057,57.3
1998,47059,67.3
1998,47061,53.1
1998,47063,67.8
1998,47065,79.1
1998,47067,53.2
1998,47069,64
1998,47071,64.5
1998,47073,67.9
1998,47075,63.1
1998,47077,66.5
1998,47079,68.4
1998,47081,62.6
1998,47083,66.6
1998,47085,70.3
1998,47087,58.3
1998,47089,68.9
1998,47091,56.2
1998,47093,80.9
1998,47095,54.7
1998,47097,60.3
1998,47099,63.1
1998,47101,65.9
1998,47103,67.2
1998,47105,73.2
1998,47107,66.9
1998,47109,66.3
1998,47111,58
1998,47113,76.7
1998,47115,62.1
1998,47117,70.9
1998,47119,75.4
1998,47121,61.3
1998,47123,63.3
1998,47125,83
1998,47127,74.6
1998,47129,62.4
1998,47131,69.1
1998,47133,56
1998,47135,61.6
1998,47137,59.5
1998,47139,60
1998,47141,70.7
1998,47143,63.4
1998,47145,73.2
1998,47147,72.9
1998,47149,80.2
1998,47151,58.8
1998,47153,63.6
1998,47155,72.3
1998,47157,79.7
1998,47159,64.8
1998,47161,71.2
1998,47163,74
1998,47165,77.9
1998,47167,72
1998,47169,58.7
1998,47171,66.1
1998,47173,54.2
1998,47175,59.2
1998,47177,65.2
1998,47179,75.4
1998,47181,59.2
1998,47183,67.6
1998,47185,62.5
1998,47187,88.4
1998,47189,79
1998,48000,75
1998,48001,65.1
1998,48003,66.6
1998,48005,70
1998,48007,73.1
1998,48009,79.4
1998,48011,81.4
1998,48013,63.9
1998,48015,72.1
1998,48017,60.3
1998,48019,83.2
1998,48021,75.2
1998,48023,68.8
1998,48025,72
1998,48027,83.6
1998,48029,76.1
1998,48031,78.3
1998,48033,81.4
1998,48035,73.5
1998,48037,76.3
1998,48039,78.7
1998,48041,81
1998,48043,77.5
1998,48045,72.4
1998,48047,49
1998,48049,73.1
1998,48051,68.5
1998,48053,76.1
1998,48055,69.1
1998,48057,68
1998,48059,77.2
1998,48061,54.2
1998,48063,68.4
1998,48065,81.3
1998,48067,73.3
1998,48069,64
1998,48071,75.1
1998,48073,67.3
1998,48075,64.2
1998,48077,78.1
1998,48079,61.6
1998,48081,72.3
1998,48083,68.6
1998,48085,91.1
1998,48087,69.4
1998,48089,66.9
1998,48091,82.3
1998,48093,67.7
1998,48095,58.3
1998,48097,77.7
1998,48099,80.9
1998,48101,63.2
1998,48103,69.3
1998,48105,61.2
1998,48107,60.1
1998,48109,55.5
1998,48111,65.2
1998,48113,75.4
1998,48115,63
1998,48117,60.2
1998,48119,73.2
1998,48121,88.9
1998,48123,65.4
1998,48125,68.5
1998,48127,51.4
1998,48129,76.1
1998,48131,57.3
1998,48133,70.7
1998,48135,67.8
1998,48137,65.3
1998,48139,76.6
1998,48141,65.4
1998,48143,75.9
1998,48145,64.7
1998,48147,70.9
1998,48149,68.6
1998,48151,71.2
1998,48153,62.9
1998,48155,68.4
1998,48157,83.6
1998,48159,74.9
1998,48161,74.5
1998,48163,56.2
1998,48165,55.6
1998,48167,79.9
1998,48169,67.6
1998,48171,77.8
1998,48173,68.9
1998,48175,70.4
1998,48177,60.7
1998,48179,74.5
1998,48181,78.6
1998,48183,78.4
1998,48185,65.8
1998,48187,76.4
1998,48189,64.9
1998,48191,61.6
1998,48193,71.6
1998,48195,70.3
1998,48197,69.1
1998,48199,77.7
1998,48201,74.7
1998,48203,76.7
1998,48205,78.8
1998,48207,68.6
1998,48209,83.1
1998,48211,78.5
1998,48213,71.7
1998,48215,49.7
1998,48217,69.7
1998,48219,67.4
1998,48221,81.7
1998,48223,71.5
1998,48225,68.8
1998,48227,69.5
1998,48229,46.5
1998,48231,75.3
1998,48233,78.1
1998,48235,77.1
1998,48237,73.1
1998,48239,69.5
1998,48241,71.3
1998,48243,73.7
1998,48245,77.7
1998,48247,56.2
1998,48249,62.9
1998,48251,76.5
1998,48253,63.6
1998,48255,57.5
1998,48257,73.2
1998,48259,84.4
1998,48261,54.9
1998,48263,75.2
1998,48265,80.1
1998,48267,70.6
1998,48269,78.1
1998,48271,64.8
1998,48273,67.2
1998,48275,65.2
1998,48277,74.5
1998,48279,62.3
1998,48281,77.2
1998,48283,49.1
1998,48285,66
1998,48287,69.6
1998,48289,72.5
1998,48291,68.2
1998,48293,66
1998,48295,74.4
1998,48297,65.9
1998,48299,81.1
1998,48301,80.2
1998,48303,77.6
1998,48305,60.4
1998,48307,68.9
1998,48309,75.6
1998,48311,72.7
1998,48313,70
1998,48315,66
1998,48317,63.5
1998,48319,75.5
1998,48321,69.7
1998,48323,40.8
1998,48325,70.1
1998,48327,67.1
1998,48329,78.7
1998,48331,68.9
1998,48333,73.7
1998,48335,69.2
1998,48337,71.1
1998,48339,80.4
1998,48341,62.1
1998,48343,72.7
1998,48345,71.2
1998,48347,72.9
1998,48349,70.3
1998,48351,66.8
1998,48353,68.4
1998,48355,73.3
1998,48357,69.6
1998,48359,79.1
1998,48361,77.7
1998,48363,70
1998,48365,74.2
1998,48367,79.3
1998,48369,59.7
1998,48371,61.6
1998,48373,67.9
1998,48375,70.4
1998,48377,44.5
1998,48379,70.9
1998,48381,88.7
1998,48383,63.2
1998,48385,70.4
1998,48387,64
1998,48389,46.3
1998,48391,66.9
1998,48393,88.3
1998,48395,65.9
1998,48397,86.2
1998,48399,66.5
1998,48401,72.6
1998,48403,70.2
1998,48405,67.4
1998,48407,69.9
1998,48409,69.2
1998,48411,68.3
1998,48413,60.8
1998,48415,70.7
1998,48417,76.6
1998,48419,66.6
1998,48421,72.6
1998,48423,79.3
1998,48425,75.8
1998,48427,34.1
1998,48429,71.3
1998,48431,70
1998,48433,69.8
1998,48435,63.9
1998,48437,68.1
1998,48439,81
1998,48441,80
1998,48443,70
1998,48445,61.9
1998,48447,75.9
1998,48449,65.5
1998,48451,75.2
1998,48453,84.4
1998,48455,70.6
1998,48457,70
1998,48459,74.5
1998,48461,66.2
1998,48463,58.9
1998,48465,58.2
1998,48467,70
1998,48469,75
1998,48471,73.1
1998,48473,73
1998,48475,68.7
1998,48477,70.3
1998,48479,52
1998,48481,68.1
1998,48483,70.6
1998,48485,78.9
1998,48487,70.3
1998,48489,47.5
1998,48491,87.3
1998,48493,71.3
1998,48495,59.7
1998,48497,74.3
1998,48499,74.2
1998,48501,60.3
1998,48503,69.8
1998,48505,52.5
1998,48507,42.4
1998,49000,87.2
1998,49001,83.2
1998,49003,87
1998,49005,90.2
1998,49007,79.7
1998,49009,82
1998,49011,91.7
1998,49013,79.8
1998,49015,83.8
1998,49017,84.6
1998,49019,82
1998,49021,88
1998,49023,81.8
1998,49025,85.6
1998,49027,86.3
1998,49029,92.1
1998,49031,84.5
1998,49033,89.6
1998,49035,86.5
1998,49037,67.6
1998,49039,84.1
1998,49041,85
1998,49043,92.3
1998,49045,83.9
1998,49047,78.6
1998,49049,90.3
1998,49051,88.1
1998,49053,87
1998,49055,87.2
1998,49057,84.5
1998,50000,85.3
1998,50001,85.5
1998,50003,83.5
1998,50005,81.6
1998,50007,89.8
1998,50009,73.6
1998,50011,81
1998,50013,83.2
1998,50015,85.6
1998,50017,83.4
1998,50019,76.7
1998,50021,83.3
1998,50023,87
1998,50025,86.2
1998,50027,86.7
1998,51000,80.2
1998,51001,66.2
1998,51003,86.2
1998,51005,74.65
1998,51007,65.9
1998,51009,68.3
1998,51011,68.8
1998,51013,87.7
1998,51015,76.4
1998,51017,72.7
1998,51019,73.25
1998,51021,69.2
1998,51023,79.7
1998,51025,60.7
1998,51027,50.8
1998,51029,61
1998,51031,71.9
1998,51033,68.8
1998,51035,61.4
1998,51036,63.8
1998,51037,61
1998,51041,87.3
1998,51043,80.7
1998,51045,75
1998,51047,72.3
1998,51049,62.6
1998,51051,56.5
1998,51053,67.8
1998,51057,71.7
1998,51059,90.8
1998,51061,83.4
1998,51063,68.1
1998,51065,77.7
1998,51067,69.7
1998,51069,76.9
1998,51071,73.6
1998,51073,80.2
1998,51075,76.4
1998,51077,61.5
1998,51079,75.4
1998,51081,59.7
1998,51083,61.8
1998,51085,84.8
1998,51087,85.5
1998,51089,62.7
1998,51091,70.6
1998,51093,74
1998,51095,87.9
1998,51097,66.1
1998,51099,78.9
1998,51101,77
1998,51103,72.5
1998,51105,58.1
1998,51107,91.3
1998,51109,69.3
1998,51111,61.2
1998,51113,72.5
1998,51115,78.6
1998,51117,65.9
1998,51119,72.3
1998,51121,81
1998,51125,66.6
1998,51127,79
1998,51131,65.4
1998,51133,73.5
1998,51135,62.2
1998,51137,73.3
1998,51139,62.9
1998,51141,60.6
1998,51143,65.1
1998,51145,76.4
1998,51147,68
1998,51149,80.9
1998,51153,88.6
1998,51155,71.3
1998,51157,74.2
1998,51159,59.4
1998,51161,84.5
1998,51163,69.2
1998,51165,70.9
1998,51167,60.1
1998,51169,61.8
1998,51171,73.3
1998,51173,64.7
1998,51175,62.2
1998,51177,82.4
1998,51179,87.1
1998,51181,67.9
1998,51183,56.9
1998,51185,65.5
1998,51187,73.3
1998,51191,69.9
1998,51193,67.2
1998,51195,60.4
1998,51197,68.5
1998,51199,91
1998,51510,86.8
1998,51520,70.1
1998,51530,66.3
1998,51540,79.7
1998,51550,83.5
1998,51570,82.5
1998,51580,70
1998,51590,66.3
1998,51595,58.4
1998,51600,88.4
1998,51610,95
1998,51620,69.2
1998,51630,78.9
1998,51640,59.6
1998,51650,84.3
1998,51660,76.8
1998,51670,70.9
1998,51678,76.2
1998,51680,76.3
1998,51683,81.9
1998,51685,75.2
1998,51690,67.4
1998,51700,83.5
1998,51710,77.3
1998,51720,64.1
1998,51730,67.3
1998,51735,87.7
1998,51740,73.5
1998,51750,81.8
1998,51760,73.8
1998,51770,74.4
1998,51775,80.8
1998,51790,74.8
1998,51800,74.2
1998,51810,89.9
1998,51820,76.6
1998,51830,88.4
1998,51840,74.1
1998,53000,86.4
1998,53001,63.9
1998,53003,84.1
1998,53005,84.9
1998,53007,78.1
1998,53009,84.3
1998,53011,87
1998,53013,80.5
1998,53015,82
1998,53017,77.9
1998,53019,80.7
1998,53021,64.4
1998,53023,83.9
1998,53025,72.1
1998,53027,79.7
1998,53029,91.3
1998,53031,89.8
1998,53033,89.9
1998,53035,90
1998,53037,86
1998,53039,79.4
1998,53041,79.5
1998,53043,85.6
1998,53045,82.8
1998,53047,75.5
1998,53049,78
1998,53051,79.8
1998,53053,86.2
1998,53055,93.8
1998,53057,83.4
1998,53059,84.2
1998,53061,88.5
1998,53063,88.2
1998,53065,84.5
1998,53067,88.9
1998,53069,82.9
1998,53071,80.7
1998,53073,86.6
1998,53075,92.4
1998,53077,68.2
1998,54000,73.4
1998,54001,70.1
1998,54003,75.8
1998,54005,62
1998,54007,65.2
1998,54009,78.1
1998,54011,78.4
1998,54013,61.2
1998,54015,60.8
1998,54017,68.4
1998,54019,66.3
1998,54021,67.3
1998,54023,68.7
1998,54025,71.3
1998,54027,69.4
1998,54029,80.8
1998,54031,67.3
1998,54033,76.8
1998,54035,75
1998,54037,76.8
1998,54039,78.5
1998,54041,71.4
1998,54043,60
1998,54045,61.2
1998,54047,48.5
1998,54049,77.9
1998,54051,77.9
1998,54053,70.1
1998,54055,70.3
1998,54057,78.8
1998,54059,57.8
1998,54061,82
1998,54063,71.4
1998,54065,73.6
1998,54067,68.2
1998,54069,81.4
1998,54071,69.7
1998,54073,77.3
1998,54075,68.8
1998,54077,71.7
1998,54079,81.8
1998,54081,70.2
1998,54083,72
1998,54085,71
1998,54087,64.9
1998,54089,63.9
1998,54091,73
1998,54093,73.2
1998,54095,74.1
1998,54097,72.5
1998,54099,69
1998,54101,55.9
1998,54103,76.1
1998,54105,71.2
1998,54107,79.8
1998,54109,62
1998,55000,83.8
1998,55001,74.8
1998,55003,82.3
1998,55005,80.5
1998,55007,85.2
1998,55009,85.6
1998,55011,81.8
1998,55013,80.7
1998,55015,85.8
1998,55017,82.4
1998,55019,73.8
1998,55021,84.6
1998,55023,79.5
1998,55025,91.5
1998,55027,80.3
1998,55029,86.2
1998,55031,84.2
1998,55033,84.8
1998,55035,87.7
1998,55037,82
1998,55039,82.9
1998,55041,75.6
1998,55043,82.4
1998,55045,82.6
1998,55047,80.4
1998,55049,86.9
1998,55051,81.9
1998,55053,77
1998,55055,83.2
1998,55057,76.9
1998,55059,81.8
1998,55061,81.9
1998,55063,88.3
1998,55065,83.8
1998,55067,79
1998,55069,79.5
1998,55071,82.8
1998,55073,82.2
1998,55075,80.7
1998,55077,77
1998,55078,75.1
1998,55079,79.4
1998,55081,80
1998,55083,78.4
1998,55085,83.6
1998,55087,86.8
1998,55089,90.9
1998,55091,80.3
1998,55093,87.9
1998,55095,84.3
1998,55097,85.1
1998,55099,80.6
1998,55101,81.6
1998,55103,80.4
1998,55105,82.8
1998,55107,77.3
1998,55109,90.2
1998,55111,81.7
1998,55113,82.5
1998,55115,79.1
1998,55117,83
1998,55119,76.4
1998,55121,79.1
1998,55123,77
1998,55125,83.5
1998,55127,83.2
1998,55129,81.9
1998,55131,87.3
1998,55133,91.2
1998,55135,80.6
1998,55137,77
1998,55139,85.2
1998,55141,83.5
1998,56000,86.9
1998,56001,92.7
1998,56003,82
1998,56005,87.9
1998,56007,83.1
1998,56009,85.8
1998,56011,84.6
1998,56013,83.3
1998,56015,83.1
1998,56017,82.6
1998,56019,88
1998,56021,88.1
1998,56023,87
1998,56025,87.7
1998,56027,85
1998,56029,86.6
1998,56031,83.9
1998,56033,87
1998,56035,88
1998,56037,86.2
1998,56039,94.1
1998,56041,84.7
1998,56043,84.2
1998,56045,84.8
1998,72000,57.9
1998,72001,44.7
1998,72003,48
1998,72005,53
1998,72007,51.8
1998,72009,57.2
1998,72011,50
1998,72013,55.6
1998,72015,57.2
1998,72017,49.6
1998,72019,51.7
1998,72021,65.9
1998,72023,50.8
1998,72025,61.7
1998,72027,47.9
1998,72029,52.8
1998,72031,70.1
1998,72033,57.3
1998,72035,55
1998,72037,64.9
1998,72039,46.8
1998,72041,57.6
1998,72043,54
1998,72045,44.4
1998,72047,49.5
1998,72049,59.1
1998,72051,59.8
1998,72053,60.8
1998,72054,50.6
1998,72055,48.9
1998,72057,59.8
1998,72059,53.2
1998,72061,70.8
1998,72063,58.8
1998,72065,48.8
1998,72067,58.2
1998,72069,57.7
1998,72071,50
1998,72073,51.5
1998,72075,55.5
1998,72077,52.9
1998,72079,47.8
1998,72081,41.9
1998,72083,38.7
1998,72085,54.4
1998,72087,57.4
1998,72089,58
1998,72091,52.3
1998,72093,37.6
1998,72095,49.3
1998,72097,54.4
1998,72099,50.4
1998,72101,49.2
1998,72103,49.6
1998,72105,48.5
1998,72107,44.8
1998,72109,52.1
1998,72111,51.3
1998,72113,59.4
1998,72115,51.1
1998,72117,45.4
1998,72119,57.4
1998,72121,55.3
1998,72123,54
1998,72125,55.9
1998,72127,66.2
1998,72129,47.2
1998,72131,43.7
1998,72133,56.2
1998,72135,62.1
1998,72137,62.5
1998,72139,67.1
1998,72141,46.4
1998,72143,50.8
1998,72145,53.6
1998,72147,47.3
1998,72149,53.1
1998,72151,51.2
1998,72153,53.1
