year,fips,poverty_rate
2007,00000,13
2007,01000,16.6
2007,01001,10.4
2007,01003,10.3
2007,01005,26.1
2007,01007,18.2
2007,01009,13.1
2007,01011,34
2007,01013,23.2
2007,01015,17.1
2007,01017,15.6
2007,01019,18.9
2007,01021,16.7
2007,01023,21.8
2007,01025,21.8
2007,01027,15.5
2007,01029,15.4
2007,01031,16.5
2007,01033,16.5
2007,01035,24.7
2007,01037,15.1
2007,01039,19.4
2007,01041,18.3
2007,01043,14.2
2007,01045,16.7
2007,01047,30.2
2007,01049,18.4
2007,01051,11.3
2007,01053,22.4
2007,01055,17.4
2007,01057,17.2
2007,01059,20.1
2007,01061,19.5
2007,01063,31.3
2007,01065,24
2007,01067,17.9
2007,01069,15.7
2007,01071,17.6
2007,01073,15.1
2007,01075,18.5
2007,01077,18.1
2007,01079,15
2007,01081,17.3
2007,01083,12.6
2007,01085,30
2007,01087,29.6
2007,01089,11.3
2007,01091,20
2007,01093,19.7
2007,01095,19.6
2007,01097,20.8
2007,01099,23.6
2007,01101,18.1
2007,01103,14.2
2007,01105,32.7
2007,01107,22.2
2007,01109,27
2007,01111,20.9
2007,01113,21.2
2007,01115,11.6
2007,01117,6.9
2007,01119,35
2007,01121,18
2007,01123,17.1
2007,01125,18.6
2007,01127,19.1
2007,01129,18.7
2007,01131,35.7
2007,01133,16
2007,02000,9.8
2007,02013,16.9
2007,02016,10.2
2007,02020,8
2007,02050,21.4
2007,02060,8.5
2007,02068,6.4
2007,02070,21.5
2007,02090,7.8
2007,02100,11.4
2007,02110,7.1
2007,02122,10.3
2007,02130,8.8
2007,02150,7.5
2007,02164,18.9
2007,02170,9.5
2007,02180,23.1
2007,02185,13.8
2007,02188,21.2
2007,02201,17.9
2007,02220,8.4
2007,02232,13.9
2007,02240,13.5
2007,02261,9.5
2007,02270,27.3
2007,02280,9.9
2007,02282,15.1
2007,02290,23.7
2007,04000,14.1
2007,04001,33.4
2007,04003,16.3
2007,04005,16.2
2007,04007,18.2
2007,04009,22.4
2007,04011,11.2
2007,04012,23.8
2007,04013,12.9
2007,04015,13.5
2007,04017,23.4
2007,04019,14.9
2007,04021,12.5
2007,04023,20.1
2007,04025,12.6
2007,04027,17.8
2007,05000,17.6
2007,05001,17.9
2007,05003,20.7
2007,05005,12.4
2007,05007,11.3
2007,05009,16.9
2007,05011,24.4
2007,05013,17.7
2007,05015,17.6
2007,05017,32.4
2007,05019,22.3
2007,05021,18.4
2007,05023,16.4
2007,05025,16.4
2007,05027,23.5
2007,05029,18.7
2007,05031,16.3
2007,05033,18.4
2007,05035,25.7
2007,05037,20.7
2007,05039,21.2
2007,05041,26.6
2007,05043,22.6
2007,05045,14.9
2007,05047,20
2007,05049,20.3
2007,05051,18.1
2007,05053,10.6
2007,05055,16.2
2007,05057,21.5
2007,05059,14.8
2007,05061,18.4
2007,05063,15.1
2007,05065,21.3
2007,05067,23.8
2007,05069,25
2007,05071,16.5
2007,05073,24.6
2007,05075,22.5
2007,05077,31.8
2007,05079,26.8
2007,05081,19.3
2007,05083,17.6
2007,05085,11.2
2007,05087,17.1
2007,05089,17.1
2007,05091,18.7
2007,05093,28.2
2007,05095,27.2
2007,05097,18
2007,05099,21
2007,05101,21.7
2007,05103,22.9
2007,05105,16.2
2007,05107,37.2
2007,05109,17.6
2007,05111,25.3
2007,05113,19.4
2007,05115,16.3
2007,05117,16.4
2007,05119,15.5
2007,05121,17.4
2007,05123,32.6
2007,05125,10.7
2007,05127,22.5
2007,05129,23.9
2007,05131,16.1
2007,05133,18.4
2007,05135,23.1
2007,05137,21.1
2007,05139,19
2007,05141,17.1
2007,05143,15.4
2007,05145,15.5
2007,05147,26.5
2007,05149,18.1
2007,06000,12.4
2007,06001,11
2007,06003,15.9
2007,06005,10.1
2007,06007,17.1
2007,06009,10.3
2007,06011,12.7
2007,06013,8.7
2007,06015,22.3
2007,06017,8.2
2007,06019,20
2007,06021,15.8
2007,06023,16.9
2007,06025,21
2007,06027,11.4
2007,06029,18.1
2007,06031,17.2
2007,06033,16.4
2007,06035,17.2
2007,06037,14.6
2007,06039,16.9
2007,06041,6.8
2007,06043,12.5
2007,06045,15.4
2007,06047,19.3
2007,06049,19.6
2007,06051,9.6
2007,06053,12.1
2007,06055,8.6
2007,06057,8.8
2007,06059,8.9
2007,06061,6
2007,06063,11.5
2007,06065,11.7
2007,06067,12.2
2007,06069,11.7
2007,06071,12.1
2007,06073,11.1
2007,06075,10.6
2007,06077,14.2
2007,06079,11.5
2007,06081,6
2007,06083,12.2
2007,06085,8.3
2007,06087,10.6
2007,06089,13.4
2007,06091,11.7
2007,06093,17.7
2007,06095,9.6
2007,06097,8.9
2007,06099,13.6
2007,06101,12.2
2007,06103,19.3
2007,06105,17
2007,06107,23.2
2007,06109,12.5
2007,06111,8.7
2007,06113,14.5
2007,06115,19.2
2007,08000,11.5
2007,08003,21.9
2007,08005,11.1
2007,08007,10.4
2007,08009,19.8
2007,08011,28.2
2007,08014,10.04
2007,08015,12.3
2007,08017,12.4
2007,08019,7.4
2007,08021,22.1
2007,08023,25.3
2007,08025,43.8
2007,08027,11.7
2007,08029,12.1
2007,08031,17.4
2007,08033,12.8
2007,08035,2.4
2007,08037,6.8
2007,08039,4.9
2007,08041,10
2007,08043,18.7
2007,08045,7.8
2007,08047,6.2
2007,08049,7.3
2007,08051,10.7
2007,08053,8.5
2007,08055,22
2007,08057,14.2
2007,08061,14.7
2007,08063,14.5
2007,08065,12.7
2007,08067,11.3
2007,08069,12.2
2007,08071,17.2
2007,08073,17.5
2007,08075,13.7
2007,08077,12
2007,08079,9.3
2007,08081,10.6
2007,08083,14
2007,08085,12.6
2007,08087,12.3
2007,08089,24.9
2007,08091,7.4
2007,08093,7.4
2007,08095,11.5
2007,08097,4.6
2007,08099,19.8
2007,08101,17.8
2007,08103,8.2
2007,08105,18.1
2007,08107,6.2
2007,08109,30.6
2007,08111,14.3
2007,08113,8.6
2007,08115,12.2
2007,08117,7
2007,08119,7.4
2007,08121,13.4
2007,08125,12.1
2007,09000,7.9
2007,09001,6.7
2007,09003,9.3
2007,09005,5.4
2007,09007,5.2
2007,09009,9.5
2007,09011,6.9
2007,09013,6.3
2007,09015,8.5
2007,10000,10.3
2007,10001,12.1
2007,10003,10.1
2007,10005,9.7
2007,11000,17.1
2007,11001,17.1
2007,12000,12.1
2007,12001,22.8
2007,12003,14.4
2007,12005,12
2007,12007,16.9
2007,12009,8.6
2007,12011,11.4
2007,12013,23.3
2007,12015,9.2
2007,12017,12.1
2007,12019,8
2007,12021,9.9
2007,12023,13.9
2007,12027,21.4
2007,12029,21.6
2007,12031,12.4
2007,12033,15
2007,12035,10.1
2007,12037,18.6
2007,12039,25.4
2007,12041,15.4
2007,12043,16.4
2007,12045,16.7
2007,12047,27.7
2007,12049,24
2007,12051,20
2007,12053,8.9
2007,12055,17.4
2007,12057,11.6
2007,12059,19.8
2007,12061,9.7
2007,12063,27.3
2007,12065,17.8
2007,12067,22
2007,12069,9
2007,12071,10.1
2007,12073,17
2007,12075,18.5
2007,12077,18.4
2007,12079,21
2007,12081,10.6
2007,12083,13
2007,12085,8.5
2007,12086,15.3
2007,12087,10.5
2007,12089,8.9
2007,12091,9.4
2007,12093,16.4
2007,12095,11.6
2007,12097,11.2
2007,12099,10.2
2007,12101,11.9
2007,12103,11.3
2007,12105,12.8
2007,12107,20.2
2007,12109,6.7
2007,12111,10.8
2007,12113,10.7
2007,12115,8.1
2007,12117,9.1
2007,12119,12.9
2007,12121,17.8
2007,12123,18.5
2007,12125,21.5
2007,12127,14.1
2007,12129,11.3
2007,12131,11.8
2007,12133,18.9
2007,13000,14.3
2007,13001,20.1
2007,13003,21
2007,13005,21.3
2007,13007,26.8
2007,13009,19.3
2007,13011,13.7
2007,13013,11.2
2007,13015,11.6
2007,13017,21.1
2007,13019,18.9
2007,13021,24.2
2007,13023,18
2007,13025,16.9
2007,13027,23.4
2007,13029,9.7
2007,13031,23.4
2007,13033,23.7
2007,13035,13.2
2007,13037,31
2007,13039,12.1
2007,13043,22.2
2007,13045,17.3
2007,13047,11.8
2007,13049,20.6
2007,13051,16.3
2007,13053,12.9
2007,13055,18
2007,13057,6
2007,13059,28.6
2007,13061,31.7
2007,13063,13
2007,13065,24
2007,13067,9.4
2007,13069,21.9
2007,13071,22.2
2007,13073,6.8
2007,13075,22.9
2007,13077,10.1
2007,13079,19.9
2007,13081,25.8
2007,13083,13.4
2007,13085,9.1
2007,13087,22.5
2007,13089,14.4
2007,13091,21.8
2007,13093,26.7
2007,13095,25.3
2007,13097,10.5
2007,13099,28.9
2007,13101,27.1
2007,13103,9.9
2007,13105,16.9
2007,13107,27
2007,13109,23.1
2007,13111,15.3
2007,13113,5.3
2007,13115,16.6
2007,13117,5.2
2007,13119,15.9
2007,13121,14.2
2007,13123,14.7
2007,13125,16
2007,13127,13.2
2007,13129,14.3
2007,13131,22.2
2007,13133,20.9
2007,13135,8.4
2007,13137,14.4
2007,13139,12
2007,13141,26.8
2007,13143,15.9
2007,13145,9.4
2007,13147,17.8
2007,13149,16.4
2007,13151,7.4
2007,13153,11.3
2007,13155,36.2
2007,13157,12.2
2007,13159,16.2
2007,13161,20.8
2007,13163,23.6
2007,13165,25.4
2007,13167,31.9
2007,13169,12.2
2007,13171,16.7
2007,13173,20.3
2007,13175,23
2007,13177,9.6
2007,13179,17.7
2007,13181,18.2
2007,13183,21.2
2007,13185,20.5
2007,13187,13.3
2007,13189,19.4
2007,13191,18.3
2007,13193,28.3
2007,13195,12.2
2007,13197,21.1
2007,13199,20.9
2007,13201,21.4
2007,13205,25.3
2007,13207,11.4
2007,13209,21.8
2007,13211,13
2007,13213,15.6
2007,13215,18.6
2007,13217,11.2
2007,13219,7.1
2007,13221,14.3
2007,13223,6.9
2007,13225,20.8
2007,13227,11.3
2007,13229,17.9
2007,13231,11.1
2007,13233,17.6
2007,13235,18.3
2007,13237,14.9
2007,13239,23.6
2007,13241,14
2007,13243,25.6
2007,13245,23.9
2007,13247,11.3
2007,13249,17.8
2007,13251,20.6
2007,13253,22
2007,13255,19.4
2007,13257,18.1
2007,13259,27.8
2007,13261,25
2007,13263,24.4
2007,13265,27.8
2007,13267,25.8
2007,13269,24.3
2007,13271,30.4
2007,13273,34.5
2007,13275,17.1
2007,13277,28.9
2007,13279,22.8
2007,13281,12.3
2007,13283,27.2
2007,13285,16.4
2007,13287,24.6
2007,13289,19.5
2007,13291,11.6
2007,13293,18
2007,13295,16.1
2007,13297,12.2
2007,13299,20.4
2007,13301,23.3
2007,13303,21.8
2007,13305,17.5
2007,13307,20.6
2007,13309,31
2007,13311,14.6
2007,13313,16.5
2007,13315,26.9
2007,13317,20.1
2007,13319,17.9
2007,13321,18.3
2007,15000,8.5
2007,15001,13.1
2007,15003,7.8
2007,15005,NA
2007,15007,9
2007,15009,6.8
2007,16000,12.1
2007,16001,7.9
2007,16003,12.6
2007,16005,15.3
2007,16007,11.1
2007,16009,15.2
2007,16011,12.8
2007,16013,6.5
2007,16015,12
2007,16017,14.7
2007,16019,10.8
2007,16021,15.6
2007,16023,16
2007,16025,8
2007,16027,14.5
2007,16029,10.6
2007,16031,17.8
2007,16033,15
2007,16035,15
2007,16037,12.4
2007,16039,12
2007,16041,10
2007,16043,13.2
2007,16045,13
2007,16047,13.2
2007,16049,15.7
2007,16051,12
2007,16053,12.7
2007,16055,11.3
2007,16057,17
2007,16059,13.5
2007,16061,13
2007,16063,15.1
2007,16065,21.5
2007,16067,16.1
2007,16069,12.7
2007,16071,11.5
2007,16073,17.5
2007,16075,14.5
2007,16077,16.1
2007,16079,17.5
2007,16081,8.7
2007,16083,12.8
2007,16085,9.3
2007,16087,15.4
2007,17000,11.9
2007,17001,11.8
2007,17003,27.7
2007,17005,11.9
2007,17007,9.8
2007,17009,16.1
2007,17011,9.9
2007,17013,10.9
2007,17015,12.2
2007,17017,12
2007,17019,18.2
2007,17021,13
2007,17023,11.5
2007,17025,13.7
2007,17027,9.5
2007,17029,20
2007,17031,14.6
2007,17033,14.7
2007,17035,12.3
2007,17037,11.5
2007,17039,9.5
2007,17041,8.7
2007,17043,4.8
2007,17045,12.9
2007,17047,11.6
2007,17049,10.1
2007,17051,14.3
2007,17053,8.7
2007,17055,17.6
2007,17057,12.6
2007,17059,19.9
2007,17061,14
2007,17063,5.4
2007,17065,12.5
2007,17067,10.8
2007,17069,20.9
2007,17071,11.4
2007,17073,9.8
2007,17075,11.9
2007,17077,28.6
2007,17079,11.1
2007,17081,15.7
2007,17083,9.7
2007,17085,8.6
2007,17087,14.2
2007,17089,7.8
2007,17091,13
2007,17093,3.7
2007,17095,17.6
2007,17097,6.3
2007,17099,10.3
2007,17101,15.3
2007,17103,9.8
2007,17105,11.3
2007,17107,11
2007,17109,23.4
2007,17111,5.3
2007,17113,12.5
2007,17115,15.9
2007,17117,12
2007,17119,11.3
2007,17121,15.6
2007,17123,8.1
2007,17125,12.5
2007,17127,15
2007,17129,8.7
2007,17131,8.1
2007,17133,4.5
2007,17135,13.8
2007,17137,15.2
2007,17139,8.8
2007,17141,7.9
2007,17143,13.6
2007,17145,15.6
2007,17147,6.8
2007,17149,13.7
2007,17151,21
2007,17153,24.2
2007,17155,6.9
2007,17157,12.8
2007,17159,14.3
2007,17161,13.2
2007,17163,15.8
2007,17165,18.6
2007,17167,12.8
2007,17169,12.1
2007,17171,10.5
2007,17173,12.1
2007,17175,9.9
2007,17177,14.3
2007,17179,8
2007,17181,20.9
2007,17183,18.6
2007,17185,12.6
2007,17187,12.9
2007,17189,7.8
2007,17191,14.7
2007,17193,14.1
2007,17195,11.2
2007,17197,5.9
2007,17199,16.3
2007,17201,13.8
2007,17203,5.9
2007,18000,12.3
2007,18001,12.5
2007,18003,10.9
2007,18005,10.9
2007,18007,10.2
2007,18009,12.6
2007,18011,6.6
2007,18013,10.3
2007,18015,9.1
2007,18017,11.6
2007,18019,10.3
2007,18021,10.8
2007,18023,11.2
2007,18025,16.6
2007,18027,15
2007,18029,7.2
2007,18031,10
2007,18033,8.8
2007,18035,18
2007,18037,8.8
2007,18039,11.1
2007,18041,14.2
2007,18043,10.8
2007,18045,12.2
2007,18047,9.3
2007,18049,10.8
2007,18051,10.5
2007,18053,17.4
2007,18055,13.3
2007,18057,3.9
2007,18059,4.8
2007,18061,9.7
2007,18063,5
2007,18065,10.3
2007,18067,13
2007,18069,9.6
2007,18071,11.8
2007,18073,8.2
2007,18075,10.8
2007,18077,12.9
2007,18079,11.9
2007,18081,7
2007,18083,17.1
2007,18085,8.6
2007,18087,9
2007,18089,15
2007,18091,13.6
2007,18093,13.8
2007,18095,13.6
2007,18097,15.6
2007,18099,9.4
2007,18101,12.3
2007,18103,12.1
2007,18105,26
2007,18107,10.4
2007,18109,8.7
2007,18111,9.3
2007,18113,10.1
2007,18115,9.1
2007,18117,14.2
2007,18119,13.1
2007,18121,16.6
2007,18123,12.1
2007,18125,10.1
2007,18127,9.1
2007,18129,7.8
2007,18131,11.7
2007,18133,11.5
2007,18135,11.3
2007,18137,10.7
2007,18139,11.6
2007,18141,13.4
2007,18143,16.5
2007,18145,9.8
2007,18147,9.2
2007,18149,14.6
2007,18151,11.6
2007,18153,13.7
2007,18155,14.4
2007,18157,19
2007,18159,7.9
2007,18161,11.7
2007,18163,13.9
2007,18165,10.7
2007,18167,16.9
2007,18169,9.8
2007,18171,8.3
2007,18173,6.4
2007,18175,14.7
2007,18177,14.9
2007,18179,8.5
2007,18181,9.4
2007,18183,7
2007,19000,11
2007,19001,11.3
2007,19003,10.8
2007,19005,10.2
2007,19007,18.5
2007,19009,10.2
2007,19011,7.2
2007,19013,16.9
2007,19015,10.7
2007,19017,6.8
2007,19019,10.3
2007,19021,10.6
2007,19023,9.7
2007,19025,11
2007,19027,8.6
2007,19029,13
2007,19031,7.4
2007,19033,11.4
2007,19035,8.3
2007,19037,8
2007,19039,11.4
2007,19041,10.2
2007,19043,10.9
2007,19045,11.5
2007,19047,11.3
2007,19049,5.3
2007,19051,12.9
2007,19053,19.3
2007,19055,9.9
2007,19057,13.1
2007,19059,7.3
2007,19061,8.8
2007,19063,11
2007,19065,11.9
2007,19067,12.1
2007,19069,10.1
2007,19071,11.4
2007,19073,10.3
2007,19075,6
2007,19077,9
2007,19079,8.4
2007,19081,8.4
2007,19083,9.6
2007,19085,10.2
2007,19087,11.8
2007,19089,12
2007,19091,9.5
2007,19093,9.4
2007,19095,6.2
2007,19097,10.8
2007,19099,8.8
2007,19101,12.2
2007,19103,15.5
2007,19105,10
2007,19107,12.1
2007,19109,9
2007,19111,13.7
2007,19113,9.9
2007,19115,10.6
2007,19117,13.9
2007,19119,7
2007,19121,7.4
2007,19123,13.5
2007,19125,10
2007,19127,14.1
2007,19129,12.6
2007,19131,9
2007,19133,13.4
2007,19135,10.4
2007,19137,11.1
2007,19139,10.7
2007,19141,8.4
2007,19143,8.3
2007,19145,12.2
2007,19147,9.9
2007,19149,6.4
2007,19151,11.2
2007,19153,9.4
2007,19155,10.9
2007,19157,10.6
2007,19159,14
2007,19161,10.6
2007,19163,11.4
2007,19165,9.5
2007,19167,7
2007,19169,14.4
2007,19171,10.8
2007,19173,11.1
2007,19175,13.3
2007,19177,13.3
2007,19179,17.7
2007,19181,6.9
2007,19183,8.2
2007,19185,15.6
2007,19187,13.3
2007,19189,9.3
2007,19191,10.4
2007,19193,14.3
2007,19195,9
2007,19197,11.1
2007,20000,11.2
2007,20001,15.9
2007,20003,12.3
2007,20005,14.3
2007,20007,11.6
2007,20009,12.4
2007,20011,16.3
2007,20013,12.1
2007,20015,7.9
2007,20017,10.4
2007,20019,13.6
2007,20021,13
2007,20023,10.3
2007,20025,12.1
2007,20027,9.5
2007,20029,13.1
2007,20031,9
2007,20033,9.9
2007,20035,14.7
2007,20037,15.6
2007,20039,11.4
2007,20041,8.6
2007,20043,12.4
2007,20045,15.4
2007,20047,11.9
2007,20049,17.3
2007,20051,12.6
2007,20053,9.7
2007,20055,15.4
2007,20057,12.7
2007,20059,9.7
2007,20061,11.6
2007,20063,9.9
2007,20065,11.7
2007,20067,10.8
2007,20069,8.1
2007,20071,10.3
2007,20073,13.6
2007,20075,12.2
2007,20077,12.3
2007,20079,8.4
2007,20081,11
2007,20083,10.3
2007,20085,10.5
2007,20087,7.7
2007,20089,12.5
2007,20091,4.3
2007,20093,11.3
2007,20095,10.8
2007,20097,11.6
2007,20099,14.6
2007,20101,9.9
2007,20103,8.2
2007,20105,11.2
2007,20107,11.8
2007,20109,9.7
2007,20111,20.2
2007,20113,8
2007,20115,10.2
2007,20117,9.1
2007,20119,10.7
2007,20121,7.3
2007,20123,11
2007,20125,14.5
2007,20127,10
2007,20129,10.9
2007,20131,8.2
2007,20133,14.3
2007,20135,9.1
2007,20137,12.2
2007,20139,10.9
2007,20141,12.5
2007,20143,9.4
2007,20145,13.2
2007,20147,10.9
2007,20149,8
2007,20151,10.9
2007,20153,12.6
2007,20155,12.6
2007,20157,10.8
2007,20159,11.2
2007,20161,19
2007,20163,11.5
2007,20165,12.3
2007,20167,13.7
2007,20169,10
2007,20171,7.8
2007,20173,13
2007,20175,14.9
2007,20177,11.9
2007,20179,12.6
2007,20181,15
2007,20183,11.9
2007,20185,11.9
2007,20187,12.1
2007,20189,9.7
2007,20191,11.6
2007,20193,10.8
2007,20195,12.1
2007,20197,8
2007,20199,14.1
2007,20201,11.4
2007,20203,12.2
2007,20205,13.4
2007,20207,14.4
2007,20209,19.5
2007,21000,17.2
2007,21001,21.4
2007,21003,18.1
2007,21005,9.3
2007,21007,15.9
2007,21009,17.8
2007,21011,23.9
2007,21013,28.8
2007,21015,6.2
2007,21017,16.1
2007,21019,16.4
2007,21021,15.9
2007,21023,15.4
2007,21025,30
2007,21027,17.2
2007,21029,9.9
2007,21031,18.2
2007,21033,17.8
2007,21035,17.5
2007,21037,10
2007,21039,15.7
2007,21041,15.2
2007,21043,19.3
2007,21045,23.6
2007,21047,19
2007,21049,14.8
2007,21051,41.9
2007,21053,24.1
2007,21055,20.1
2007,21057,24
2007,21059,15.3
2007,21061,17.3
2007,21063,27.4
2007,21065,26.3
2007,21067,15.9
2007,21069,19.4
2007,21071,32.9
2007,21073,13.6
2007,21075,29.4
2007,21077,15.3
2007,21079,16.8
2007,21081,15.6
2007,21083,16.5
2007,21085,19.7
2007,21087,17.2
2007,21089,15.2
2007,21091,13.7
2007,21093,11.2
2007,21095,29.3
2007,21097,14.2
2007,21099,23.3
2007,21101,12.7
2007,21103,14.6
2007,21105,18.1
2007,21107,18.2
2007,21109,34.1
2007,21111,14.6
2007,21113,14
2007,21115,24.4
2007,21117,12.9
2007,21119,31.7
2007,21121,31.1
2007,21123,15.1
2007,21125,22
2007,21127,25.3
2007,21129,34.9
2007,21131,31
2007,21133,27
2007,21135,28.9
2007,21137,20.3
2007,21139,13.5
2007,21141,16.4
2007,21143,15
2007,21145,14.6
2007,21147,35.5
2007,21149,16
2007,21151,18.7
2007,21153,31.6
2007,21155,17.8
2007,21157,12.5
2007,21159,35.8
2007,21161,19.1
2007,21163,14.4
2007,21165,27.2
2007,21167,12.9
2007,21169,23.8
2007,21171,25.2
2007,21173,19.3
2007,21175,27.1
2007,21177,20
2007,21179,11.3
2007,21181,19.4
2007,21183,19.4
2007,21185,6
2007,21187,15.3
2007,21189,44.4
2007,21191,15.3
2007,21193,31.4
2007,21195,20.8
2007,21197,25.6
2007,21199,21.7
2007,21201,22.3
2007,21203,26.8
2007,21205,24.5
2007,21207,22.3
2007,21209,9.4
2007,21211,13.3
2007,21213,13.9
2007,21215,7.9
2007,21217,17.1
2007,21219,18.7
2007,21221,17
2007,21223,14.5
2007,21225,23.1
2007,21227,18
2007,21229,14.6
2007,21231,27
2007,21233,13.2
2007,21235,27.7
2007,21237,36.7
2007,21239,10.6
2007,22000,18.8
2007,22001,23.5
2007,22003,21.6
2007,22005,12.2
2007,22007,21.9
2007,22009,26.7
2007,22011,15.9
2007,22013,25.5
2007,22015,15
2007,22017,22.9
2007,22019,17.5
2007,22021,19.9
2007,22023,14.1
2007,22025,30
2007,22027,28.9
2007,22029,30.1
2007,22031,19.9
2007,22033,18.1
2007,22035,38.6
2007,22037,22.5
2007,22039,26.4
2007,22041,29.1
2007,22043,18.9
2007,22045,20.2
2007,22047,20
2007,22049,17.7
2007,22051,14.6
2007,22053,18.6
2007,22055,15.2
2007,22057,17.2
2007,22059,18.4
2007,22061,23.9
2007,22063,10.8
2007,22065,33.3
2007,22067,31
2007,22069,28.8
2007,22071,21.8
2007,22073,20.8
2007,22075,16.3
2007,22077,21.4
2007,22079,19.8
2007,22081,23.2
2007,22083,24.2
2007,22085,19.3
2007,22087,18.9
2007,22089,10.8
2007,22091,21.9
2007,22093,17.1
2007,22095,16.9
2007,22097,30.5
2007,22099,17
2007,22101,22.4
2007,22103,11.2
2007,22105,22.9
2007,22107,37
2007,22109,17.7
2007,22111,18.8
2007,22113,20.5
2007,22115,16.6
2007,22117,25.5
2007,22119,20.5
2007,22121,16.9
2007,22123,25.5
2007,22125,22.5
2007,22127,26.2
2007,23000,12.2
2007,23001,14.1
2007,23003,17.4
2007,23005,9.7
2007,23007,16
2007,23009,9.9
2007,23011,13
2007,23013,10.6
2007,23015,10.8
2007,23017,14.4
2007,23019,13.5
2007,23021,16.5
2007,23023,9.2
2007,23025,17.2
2007,23027,14.5
2007,23029,20.1
2007,23031,8.2
2007,24000,8.3
2007,24001,14.2
2007,24003,5
2007,24005,7.6
2007,24009,5.2
2007,24011,11.7
2007,24013,4.7
2007,24015,9.3
2007,24017,5.9
2007,24019,13.7
2007,24021,5.3
2007,24023,12.9
2007,24025,5.6
2007,24027,4.5
2007,24029,12.7
2007,24031,5.1
2007,24033,8.1
2007,24035,6.1
2007,24037,7.7
2007,24039,23
2007,24041,8.3
2007,24043,10.5
2007,24045,13.2
2007,24047,9.2
2007,24510,19.9
2007,25000,10
2007,25001,6.6
2007,25003,10.8
2007,25005,9.3
2007,25007,6.8
2007,25009,10.4
2007,25011,10.5
2007,25013,16.4
2007,25015,11.6
2007,25017,6.9
2007,25019,5.3
2007,25021,6.4
2007,25023,6.5
2007,25025,19.3
2007,25027,9.5
2007,26000,13.9
2007,26001,13.5
2007,26003,12.5
2007,26005,10.7
2007,26007,15.5
2007,26009,12
2007,26011,17.3
2007,26013,15.4
2007,26015,8.4
2007,26017,11.7
2007,26019,9.7
2007,26021,15.4
2007,26023,14
2007,26025,16.8
2007,26027,12.8
2007,26029,9.7
2007,26031,14.9
2007,26033,16.5
2007,26035,20.1
2007,26037,7.1
2007,26039,14.7
2007,26041,12.3
2007,26043,11.1
2007,26045,8.4
2007,26047,9.4
2007,26049,16.8
2007,26051,17.6
2007,26053,16.7
2007,26055,8.8
2007,26057,15.2
2007,26059,13.7
2007,26061,19
2007,26063,12.7
2007,26065,18.1
2007,26067,14.5
2007,26069,15.7
2007,26071,14.5
2007,26073,23.9
2007,26075,14.4
2007,26077,16.2
2007,26079,14
2007,26081,13.1
2007,26083,13.1
2007,26085,20.3
2007,26087,8.7
2007,26089,7.5
2007,26091,10.6
2007,26093,5.5
2007,26095,18.8
2007,26097,12.1
2007,26099,8.3
2007,26101,14.1
2007,26103,13.6
2007,26105,15.1
2007,26107,22
2007,26109,14
2007,26111,10.4
2007,26113,13.6
2007,26115,7.8
2007,26117,17.8
2007,26119,15.9
2007,26121,15.7
2007,26123,15.3
2007,26125,8.6
2007,26127,18.8
2007,26129,16.2
2007,26131,12.8
2007,26133,16.4
2007,26135,21.6
2007,26137,12.9
2007,26139,7.1
2007,26141,13.9
2007,26143,20.5
2007,26145,17
2007,26147,11.9
2007,26149,14.6
2007,26151,13.2
2007,26153,14.5
2007,26155,13.5
2007,26157,13.1
2007,26159,16.8
2007,26161,12.7
2007,26163,20.8
2007,26165,15.6
2007,27000,9.5
2007,27001,13.4
2007,27003,6.4
2007,27005,12.1
2007,27007,17
2007,27009,8.7
2007,27011,11.8
2007,27013,12.3
2007,27015,8.7
2007,27017,9.8
2007,27019,3.9
2007,27021,13.4
2007,27023,10.3
2007,27025,5.9
2007,27027,13
2007,27029,16.4
2007,27031,8.4
2007,27033,10.7
2007,27035,9.3
2007,27037,5.4
2007,27039,6.6
2007,27041,10.6
2007,27043,11.1
2007,27045,10.8
2007,27047,8.7
2007,27049,7.9
2007,27051,11.8
2007,27053,10.6
2007,27055,8.4
2007,27057,11.4
2007,27059,7.6
2007,27061,9.8
2007,27063,9.8
2007,27065,11.3
2007,27067,11
2007,27069,9.9
2007,27071,13.2
2007,27073,10.6
2007,27075,8.5
2007,27077,11.2
2007,27079,7.5
2007,27081,12.5
2007,27083,11.3
2007,27085,6.2
2007,27087,19
2007,27089,10.3
2007,27091,10.2
2007,27093,9.3
2007,27095,9.5
2007,27097,10.4
2007,27099,11.4
2007,27101,8.3
2007,27103,9.2
2007,27105,15
2007,27107,13.2
2007,27109,8.4
2007,27111,11.3
2007,27113,11.3
2007,27115,12.3
2007,27117,11.5
2007,27119,15.7
2007,27121,9.1
2007,27123,13.5
2007,27125,11.1
2007,27127,9
2007,27129,9.5
2007,27131,7.7
2007,27133,8.8
2007,27135,8.2
2007,27137,14.9
2007,27139,4.2
2007,27141,5
2007,27143,9
2007,27145,11.7
2007,27147,7.1
2007,27149,13.4
2007,27151,11.7
2007,27153,13.5
2007,27155,11.3
2007,27157,8.5
2007,27159,14.9
2007,27161,8.5
2007,27163,4.7
2007,27165,9.1
2007,27167,8.9
2007,27169,11.5
2007,27171,5
2007,27173,11.1
2007,28000,20.7
2007,28001,33.3
2007,28003,17.7
2007,28005,22.3
2007,28007,23.6
2007,28009,21.7
2007,28011,39.5
2007,28013,23.3
2007,28015,20.2
2007,28017,20.1
2007,28019,25.3
2007,28021,35.2
2007,28023,20.3
2007,28025,25.1
2007,28027,32.2
2007,28029,22.4
2007,28031,22.3
2007,28033,7.9
2007,28035,25.2
2007,28037,20.8
2007,28039,16.6
2007,28041,22
2007,28043,23.7
2007,28045,17.3
2007,28047,15.6
2007,28049,23.2
2007,28051,41.7
2007,28053,41
2007,28055,49.3
2007,28057,14.5
2007,28059,14.8
2007,28061,19.2
2007,28063,35.2
2007,28065,29
2007,28067,21.7
2007,28069,25.9
2007,28071,18.9
2007,28073,12.7
2007,28075,23.2
2007,28077,18.4
2007,28079,20.5
2007,28081,15.4
2007,28083,42.4
2007,28085,18.4
2007,28087,21.3
2007,28089,12.7
2007,28091,23.6
2007,28093,22.5
2007,28095,18.4
2007,28097,22.9
2007,28099,22.5
2007,28101,17.2
2007,28103,32.8
2007,28105,31.4
2007,28107,28.5
2007,28109,19
2007,28111,19.4
2007,28113,27
2007,28115,16.2
2007,28117,17.9
2007,28119,36.5
2007,28121,9.4
2007,28123,20.5
2007,28125,37.6
2007,28127,21.7
2007,28129,19.1
2007,28131,17.9
2007,28133,38.5
2007,28135,29.3
2007,28137,15.8
2007,28139,19.5
2007,28141,17.8
2007,28143,25.4
2007,28145,14.4
2007,28147,25.6
2007,28149,19.2
2007,28151,32
2007,28153,23.3
2007,28155,19.8
2007,28157,37.9
2007,28159,21.5
2007,28161,24.8
2007,28163,30
2007,29000,13.3
2007,29001,24.6
2007,29003,8.4
2007,29005,14
2007,29007,19.1
2007,29009,17.3
2007,29011,17.2
2007,29013,15.9
2007,29015,18.6
2007,29017,15.8
2007,29019,16
2007,29021,15.2
2007,29023,18.7
2007,29025,14.5
2007,29027,12.4
2007,29029,13.5
2007,29031,12.8
2007,29033,16
2007,29035,23.7
2007,29037,7.5
2007,29039,20
2007,29041,13.5
2007,29043,10.4
2007,29045,14.2
2007,29047,7.1
2007,29049,9.3
2007,29051,10.9
2007,29053,12.7
2007,29055,18.2
2007,29057,16.4
2007,29059,15.3
2007,29061,16.6
2007,29063,16
2007,29065,19.4
2007,29067,19.4
2007,29069,21.8
2007,29071,9.5
2007,29073,11.4
2007,29075,12.1
2007,29077,13.7
2007,29079,17.8
2007,29081,17.5
2007,29083,16.8
2007,29085,19.1
2007,29087,14.6
2007,29089,16
2007,29091,20.7
2007,29093,20.2
2007,29095,15
2007,29097,16.8
2007,29099,9.1
2007,29101,15.2
2007,29103,17.7
2007,29105,14.7
2007,29107,13.1
2007,29109,18.3
2007,29111,17.6
2007,29113,9.4
2007,29115,17.3
2007,29117,17.6
2007,29119,19
2007,29121,13.5
2007,29123,16.5
2007,29125,15.4
2007,29127,13.8
2007,29129,15.3
2007,29131,15.7
2007,29133,28.6
2007,29135,13.2
2007,29137,13.8
2007,29139,14.8
2007,29141,18.3
2007,29143,26.3
2007,29145,16.8
2007,29147,16.8
2007,29149,25
2007,29151,10.2
2007,29153,22
2007,29155,31.2
2007,29157,10.5
2007,29159,13.3
2007,29161,16.5
2007,29163,18.2
2007,29165,6.2
2007,29167,17.3
2007,29169,13.9
2007,29171,18.6
2007,29173,10.8
2007,29175,16.9
2007,29177,9
2007,29179,22.1
2007,29181,23.9
2007,29183,4.6
2007,29185,21.7
2007,29186,11.4
2007,29187,16.4
2007,29189,8.6
2007,29195,17.1
2007,29197,18.5
2007,29199,17.8
2007,29201,16.2
2007,29203,25.8
2007,29205,16.4
2007,29207,19.2
2007,29209,14.5
2007,29211,18.6
2007,29213,13
2007,29215,21.1
2007,29217,18.9
2007,29219,9.7
2007,29221,21.7
2007,29223,23.5
2007,29225,16.8
2007,29227,16.7
2007,29229,24.8
2007,29510,23
2007,30000,14.1
2007,30001,16.4
2007,30003,26.4
2007,30005,24.1
2007,30007,12
2007,30009,11
2007,30011,13
2007,30013,14
2007,30015,18.1
2007,30017,14.3
2007,30019,12.8
2007,30021,12.2
2007,30023,19.6
2007,30025,9.3
2007,30027,15.2
2007,30029,12.5
2007,30033,13.5
2007,30035,26.6
2007,30037,22
2007,30039,14.1
2007,30041,19.1
2007,30043,11.1
2007,30045,15.7
2007,30047,21.3
2007,30049,10.5
2007,30051,16.1
2007,30053,17.5
2007,30055,11.8
2007,30057,11.2
2007,30059,16.1
2007,30061,17.2
2007,30063,16.3
2007,30065,19
2007,30069,18.8
2007,30071,16.7
2007,30073,18.4
2007,30075,13.9
2007,30077,16.3
2007,30079,13.1
2007,30081,12.4
2007,30083,11.3
2007,30085,30.3
2007,30087,19
2007,30089,16.4
2007,30091,13.9
2007,30093,15.3
2007,30095,9.7
2007,30097,9.4
2007,30099,12.9
2007,30101,14.4
2007,30103,13.3
2007,30105,14.8
2007,30107,19
2007,30109,13
2007,30111,9.7
2007,30113,11.75
2007,31000,11.1
2007,31001,11.6
2007,31003,14.1
2007,31005,11.3
2007,31007,13.5
2007,31009,17.6
2007,31011,9.5
2007,31013,12.9
2007,31015,13.8
2007,31017,12.7
2007,31019,10.6
2007,31021,11.8
2007,31023,9.3
2007,31025,6.4
2007,31027,9.2
2007,31029,10.4
2007,31031,12.6
2007,31033,10.6
2007,31035,10.5
2007,31037,10.9
2007,31039,9.3
2007,31041,12.4
2007,31043,11.8
2007,31045,18.2
2007,31047,11.6
2007,31049,11.1
2007,31051,10.3
2007,31053,12.6
2007,31055,12
2007,31057,15.4
2007,31059,11.7
2007,31061,14.5
2007,31063,13.6
2007,31065,14.5
2007,31067,11.6
2007,31069,15.6
2007,31071,14.2
2007,31073,8.8
2007,31075,10.9
2007,31077,14.3
2007,31079,11.5
2007,31081,8
2007,31083,13
2007,31085,14.9
2007,31087,14.5
2007,31089,13.6
2007,31091,9.2
2007,31093,11.5
2007,31095,10.8
2007,31097,11.1
2007,31099,9.8
2007,31101,11.6
2007,31103,16.5
2007,31105,12.5
2007,31107,14.9
2007,31109,10.9
2007,31111,12.2
2007,31113,10.6
2007,31115,15.1
2007,31117,12.8
2007,31119,11.6
2007,31121,9.2
2007,31123,16.4
2007,31125,12.1
2007,31127,13.3
2007,31129,11.7
2007,31131,9.4
2007,31133,13.1
2007,31135,11.4
2007,31137,10.1
2007,31139,11.2
2007,31141,8.9
2007,31143,7.8
2007,31145,11.3
2007,31147,13.4
2007,31149,18
2007,31151,9.4
2007,31153,6.2
2007,31155,7.6
2007,31157,16.5
2007,31159,8.6
2007,31161,15.3
2007,31163,13
2007,31165,14
2007,31167,8.9
2007,31169,12.3
2007,31171,11.2
2007,31173,25.6
2007,31175,13.8
2007,31177,6.6
2007,31179,14.2
2007,31181,13.6
2007,31183,14.9
2007,31185,9.1
2007,32000,10.6
2007,32001,10.6
2007,32003,10.7
2007,32005,7.7
2007,32007,8.7
2007,32009,15
2007,32011,9.1
2007,32013,11.4
2007,32015,10.5
2007,32017,12.8
2007,32019,10
2007,32021,16.9
2007,32023,12.5
2007,32027,15.6
2007,32029,5.2
2007,32031,10.2
2007,32033,11.4
2007,32510,12.9
2007,33000,7.3
2007,33001,7.8
2007,33003,9.5
2007,33005,8.1
2007,33007,11.7
2007,33009,7.7
2007,33011,7
2007,33013,8.1
2007,33015,4.6
2007,33017,10.3
2007,33019,8.9
2007,34000,8.5
2007,34001,11.9
2007,34003,5.9
2007,34005,5
2007,34007,10.6
2007,34009,8.9
2007,34011,17.4
2007,34013,13.3
2007,34015,7.6
2007,34017,13.9
2007,34019,3.7
2007,34021,9.3
2007,34023,6.6
2007,34025,6.1
2007,34027,4.1
2007,34029,8.4
2007,34031,13.4
2007,34033,10.2
2007,34035,3.3
2007,34037,4.6
2007,34039,8
2007,34041,6.2
2007,35000,17.9
2007,35001,14.9
2007,35003,20.8
2007,35005,20.5
2007,35006,24.5
2007,35007,17.1
2007,35009,18.5
2007,35011,17.8
2007,35013,23.9
2007,35015,16.1
2007,35017,17.7
2007,35019,25.5
2007,35021,13.6
2007,35023,24
2007,35025,18.6
2007,35027,14
2007,35028,3.1
2007,35029,32.5
2007,35031,26.5
2007,35033,22.4
2007,35035,20.4
2007,35037,23.5
2007,35039,21.2
2007,35041,24.4
2007,35043,10.3
2007,35045,18.4
2007,35047,24.5
2007,35049,15
2007,35051,23.9
2007,35053,30.4
2007,35055,17.6
2007,35057,22.7
2007,35059,16.8
2007,35061,15.7
2007,36000,13.8
2007,36001,11.7
2007,36003,16.7
2007,36005,27.1
2007,36007,14.5
2007,36009,15.8
2007,36011,12.7
2007,36013,15.1
2007,36015,16
2007,36017,12.4
2007,36019,13.2
2007,36021,10
2007,36023,14.8
2007,36025,14.2
2007,36027,8.7
2007,36029,13.7
2007,36031,12.4
2007,36033,15.6
2007,36035,15.9
2007,36037,11.9
2007,36039,12.6
2007,36041,13.1
2007,36043,12.3
2007,36045,14.7
2007,36047,21.9
2007,36049,15.1
2007,36051,12.8
2007,36053,11
2007,36055,13.3
2007,36057,11
2007,36059,4.7
2007,36061,17.7
2007,36063,11.9
2007,36065,14.5
2007,36067,12.8
2007,36069,9.5
2007,36071,10.5
2007,36073,13.4
2007,36075,13.8
2007,36077,15.7
2007,36079,6.7
2007,36081,12.2
2007,36083,10.6
2007,36085,10.1
2007,36087,8.8
2007,36089,15.9
2007,36091,6.9
2007,36093,11.1
2007,36095,12.7
2007,36097,11.4
2007,36099,12.1
2007,36101,15
2007,36103,5.3
2007,36105,14.2
2007,36107,10.3
2007,36109,19.2
2007,36111,11.2
2007,36113,9.7
2007,36115,11.6
2007,36117,11.3
2007,36119,7.7
2007,36121,9.6
2007,36123,15.8
2007,37000,14.3
2007,37001,13
2007,37003,11.8
2007,37005,16.7
2007,37007,21.3
2007,37009,15.2
2007,37011,17.6
2007,37013,16.6
2007,37015,26
2007,37017,23.3
2007,37019,13.8
2007,37021,14
2007,37023,16
2007,37025,11.1
2007,37027,13.6
2007,37029,8.3
2007,37031,10.7
2007,37033,15.8
2007,37035,11.1
2007,37037,11.3
2007,37039,17.4
2007,37041,17.3
2007,37043,14.2
2007,37045,19.8
2007,37047,20.7
2007,37049,13.9
2007,37051,17.2
2007,37053,10.1
2007,37055,9.2
2007,37057,15.1
2007,37059,9.3
2007,37061,19.4
2007,37063,15.9
2007,37065,22.1
2007,37067,14.1
2007,37069,14
2007,37071,14.8
2007,37073,15.7
2007,37075,22.2
2007,37077,13.2
2007,37079,21.7
2007,37081,15.5
2007,37083,25.9
2007,37085,17
2007,37087,13.4
2007,37089,10.9
2007,37091,24.9
2007,37093,16.2
2007,37095,23.1
2007,37097,10.3
2007,37099,18.6
2007,37101,12.5
2007,37103,17.3
2007,37105,14.3
2007,37107,22.2
2007,37109,10.5
2007,37111,14.7
2007,37113,14.7
2007,37115,16.2
2007,37117,19.8
2007,37119,11
2007,37121,15.8
2007,37123,16.9
2007,37125,10.2
2007,37127,14.6
2007,37129,13.7
2007,37131,21.4
2007,37133,14.2
2007,37135,14.2
2007,37137,14.3
2007,37139,18.2
2007,37141,12.8
2007,37143,15.9
2007,37145,16.3
2007,37147,22.5
2007,37149,11.5
2007,37151,16.8
2007,37153,20.6
2007,37155,28.6
2007,37157,15.1
2007,37159,12.3
2007,37161,16.4
2007,37163,20.6
2007,37165,25.5
2007,37167,13.8
2007,37169,11
2007,37171,17.5
2007,37173,17.3
2007,37175,12.9
2007,37177,25.1
2007,37179,7.9
2007,37181,22.4
2007,37183,8.5
2007,37185,24.5
2007,37187,23.6
2007,37189,18.6
2007,37191,17.3
2007,37193,15.1
2007,37195,17.8
2007,37197,15.5
2007,37199,15.5
2007,38000,11.8
2007,38001,10.2
2007,38003,10.5
2007,38005,27.4
2007,38007,11.4
2007,38009,11
2007,38011,8.3
2007,38013,11.4
2007,38015,7.8
2007,38017,11.5
2007,38019,10.4
2007,38021,13.5
2007,38023,11.9
2007,38025,13.5
2007,38027,10.9
2007,38029,14
2007,38031,8.6
2007,38033,14.1
2007,38035,15.5
2007,38037,17.4
2007,38039,10.6
2007,38041,12.5
2007,38043,15.2
2007,38045,10.8
2007,38047,13.4
2007,38049,14.8
2007,38051,14.3
2007,38053,13.8
2007,38055,10.4
2007,38057,7.7
2007,38059,9.1
2007,38061,15.9
2007,38063,10.8
2007,38065,10.2
2007,38067,8.7
2007,38069,12.8
2007,38071,13.3
2007,38073,8.3
2007,38075,9
2007,38077,10.1
2007,38079,29.8
2007,38081,7
2007,38083,18.3
2007,38085,32.7
2007,38087,12.2
2007,38089,11
2007,38091,7.4
2007,38093,11.4
2007,38095,11.6
2007,38097,9.7
2007,38099,10.6
2007,38101,9.9
2007,38103,12.3
2007,38105,10.2
2007,39000,13.1
2007,39001,19.6
2007,39003,14.5
2007,39005,10
2007,39007,15.5
2007,39009,29.4
2007,39011,7.2
2007,39013,15.3
2007,39015,13.6
2007,39017,11.9
2007,39019,11.5
2007,39021,11
2007,39023,15.5
2007,39025,9
2007,39027,13
2007,39029,15.1
2007,39031,12.8
2007,39033,12.8
2007,39035,15.7
2007,39037,9.1
2007,39039,9.5
2007,39041,4.5
2007,39043,11.1
2007,39045,8.9
2007,39047,13.6
2007,39049,16.2
2007,39051,8.1
2007,39053,23.1
2007,39055,5.4
2007,39057,9.2
2007,39059,15.5
2007,39061,13
2007,39063,8.9
2007,39065,15
2007,39067,17
2007,39069,8.1
2007,39071,14.1
2007,39073,16
2007,39075,10.7
2007,39077,11.1
2007,39079,17.2
2007,39081,16.9
2007,39083,11.3
2007,39085,6.8
2007,39087,21.9
2007,39089,11
2007,39091,12.1
2007,39093,11.2
2007,39095,16.9
2007,39097,10.1
2007,39099,16.6
2007,39101,14.6
2007,39103,6.7
2007,39105,19.8
2007,39107,8.4
2007,39109,9
2007,39111,15.9
2007,39113,14.8
2007,39115,20.2
2007,39117,10.2
2007,39119,16.4
2007,39121,16.4
2007,39123,8.5
2007,39125,9.4
2007,39127,14.8
2007,39129,11.9
2007,39131,22.9
2007,39133,10.8
2007,39135,9.1
2007,39137,6.4
2007,39139,11.9
2007,39141,13.8
2007,39143,9.7
2007,39145,20.6
2007,39147,12
2007,39149,9.5
2007,39151,10.9
2007,39153,14
2007,39155,14.6
2007,39157,12
2007,39159,5.1
2007,39161,7
2007,39163,18.9
2007,39165,5.1
2007,39167,13.5
2007,39169,8.8
2007,39171,8.9
2007,39173,10.8
2007,39175,7.4
2007,40000,15.8
2007,40001,25.4
2007,40003,15.3
2007,40005,23.6
2007,40007,12.7
2007,40009,15.6
2007,40011,19
2007,40013,21.7
2007,40015,19.6
2007,40017,8
2007,40019,16.4
2007,40021,31.8
2007,40023,26.8
2007,40025,15.5
2007,40027,10
2007,40029,24.4
2007,40031,18.8
2007,40033,14.3
2007,40035,21.5
2007,40037,16.4
2007,40039,19.5
2007,40041,20.2
2007,40043,14.9
2007,40045,12.7
2007,40047,15.6
2007,40049,16.6
2007,40051,14.1
2007,40053,15.1
2007,40055,24.5
2007,40057,27.6
2007,40059,10.6
2007,40061,16.9
2007,40063,25.7
2007,40065,17.9
2007,40067,19.2
2007,40069,19.9
2007,40071,18.1
2007,40073,10.8
2007,40075,20.4
2007,40077,18.7
2007,40079,21.5
2007,40081,16.4
2007,40083,12.7
2007,40085,13.5
2007,40087,10
2007,40089,25.2
2007,40091,19.6
2007,40093,11.1
2007,40095,16.5
2007,40097,16.8
2007,40099,15.9
2007,40101,16.8
2007,40103,14.6
2007,40105,16.3
2007,40107,21.9
2007,40109,15.9
2007,40111,18.1
2007,40113,13.3
2007,40115,16.1
2007,40117,16.1
2007,40119,21.8
2007,40121,16.5
2007,40123,16.1
2007,40125,18.8
2007,40127,22.4
2007,40129,12.7
2007,40131,9.8
2007,40133,22.8
2007,40135,19.2
2007,40137,14.3
2007,40139,12.7
2007,40141,23.7
2007,40143,14.2
2007,40145,11.1
2007,40147,11.4
2007,40149,15.3
2007,40151,15.1
2007,40153,13.3
2007,41000,13
2007,41001,17.7
2007,41003,17.6
2007,41005,9.2
2007,41007,13.6
2007,41009,8.8
2007,41011,14.7
2007,41013,12.8
2007,41015,14.1
2007,41017,8.9
2007,41019,14.9
2007,41021,11.1
2007,41023,14.2
2007,41025,16.1
2007,41027,12.7
2007,41029,13.4
2007,41031,18.8
2007,41033,17.5
2007,41035,15.9
2007,41037,15.6
2007,41039,14.3
2007,41041,15.7
2007,41043,13.8
2007,41045,17.6
2007,41047,15.2
2007,41049,15.1
2007,41051,15
2007,41053,10.8
2007,41055,15.5
2007,41057,13.8
2007,41059,15.1
2007,41061,16.7
2007,41063,14.4
2007,41065,14.6
2007,41067,8.6
2007,41069,17.3
2007,41071,11.7
2007,42000,11.6
2007,42001,7.4
2007,42003,11.6
2007,42005,13.1
2007,42007,9.9
2007,42009,12.6
2007,42011,11.1
2007,42013,13.8
2007,42015,14
2007,42017,5.2
2007,42019,8.8
2007,42021,13.9
2007,42023,12.1
2007,42025,10.6
2007,42027,14.7
2007,42029,5.5
2007,42031,16.5
2007,42033,15.3
2007,42035,13.3
2007,42037,13.1
2007,42039,14.1
2007,42041,6.4
2007,42043,11
2007,42045,9.7
2007,42047,9.6
2007,42049,14.4
2007,42051,19.5
2007,42053,21
2007,42055,7.9
2007,42057,12.3
2007,42059,18.1
2007,42061,12.1
2007,42063,18.9
2007,42065,13.2
2007,42067,8.5
2007,42069,12.6
2007,42071,8.6
2007,42073,14.3
2007,42075,8.8
2007,42077,9.1
2007,42079,11.7
2007,42081,13
2007,42083,13.7
2007,42085,11.2
2007,42087,13.9
2007,42089,9.1
2007,42091,5.3
2007,42093,10.4
2007,42095,7.9
2007,42097,12.9
2007,42099,8.6
2007,42101,23.5
2007,42103,8.7
2007,42105,15
2007,42107,11.9
2007,42109,10.7
2007,42111,11.4
2007,42113,12.6
2007,42115,11.3
2007,42117,14.4
2007,42119,13.2
2007,42121,14.4
2007,42123,12.9
2007,42125,9.6
2007,42127,11.2
2007,42129,9.5
2007,42131,10.9
2007,42133,8.6
2007,44000,11.9
2007,44001,6.7
2007,44003,6.6
2007,44005,8.3
2007,44007,15.4
2007,44009,6.3
2007,45000,15.1
2007,45001,17.4
2007,45003,15.4
2007,45005,36.8
2007,45007,13.8
2007,45009,27.4
2007,45011,21.8
2007,45013,10.4
2007,45015,10.6
2007,45017,17.4
2007,45019,15.2
2007,45021,16.8
2007,45023,20.1
2007,45025,21
2007,45027,23.7
2007,45029,21.7
2007,45031,18.7
2007,45033,27.7
2007,45035,10.7
2007,45037,18.7
2007,45039,17.8
2007,45041,17.8
2007,45043,17.7
2007,45045,12.2
2007,45047,15
2007,45049,21.3
2007,45051,14
2007,45053,20.8
2007,45055,14.2
2007,45057,17.9
2007,45059,20.2
2007,45061,26.2
2007,45063,10.9
2007,45065,19.6
2007,45067,24.3
2007,45069,26
2007,45071,16.7
2007,45073,13.9
2007,45075,23.2
2007,45077,16.4
2007,45079,12.7
2007,45081,16.8
2007,45083,13.7
2007,45085,18.5
2007,45087,17.7
2007,45089,36.3
2007,45091,12.1
2007,46000,13.2
2007,46003,10.5
2007,46005,12.8
2007,46007,34.6
2007,46009,14.2
2007,46011,14.4
2007,46013,10.8
2007,46015,12.6
2007,46017,50.3
2007,46019,14
2007,46021,11.4
2007,46023,23.9
2007,46025,14.4
2007,46027,19.6
2007,46029,12.1
2007,46031,36.1
2007,46033,10
2007,46035,11.8
2007,46037,12.9
2007,46039,8.8
2007,46041,29.1
2007,46043,13.3
2007,46045,12.3
2007,46047,13
2007,46049,13.7
2007,46051,9.9
2007,46053,18.7
2007,46055,12
2007,46057,9.5
2007,46059,10.1
2007,46061,9
2007,46063,11.5
2007,46065,10.1
2007,46067,10.8
2007,46069,11.5
2007,46071,30.9
2007,46073,15
2007,46075,12.9
2007,46077,9.3
2007,46079,11.2
2007,46081,13.5
2007,46083,3.7
2007,46085,22.9
2007,46087,9.2
2007,46089,16.6
2007,46091,13.6
2007,46093,9.8
2007,46095,34.3
2007,46097,11.6
2007,46099,9.6
2007,46101,8.9
2007,46102,47.4
2007,46103,12.4
2007,46105,13.7
2007,46107,11.5
2007,46109,21.4
2007,46111,13.3
2007,46115,12.3
2007,46117,8.9
2007,46119,10.1
2007,46121,42.8
2007,46123,18.4
2007,46125,8.5
2007,46127,6.4
2007,46129,16.7
2007,46135,12.8
2007,46137,55.9
2007,47000,15.8
2007,47001,16.1
2007,47003,17.7
2007,47005,17.9
2007,47007,21.3
2007,47009,12
2007,47011,15.7
2007,47013,23.9
2007,47015,15.6
2007,47017,19.1
2007,47019,20.1
2007,47021,9.3
2007,47023,19.1
2007,47025,22.3
2007,47027,23.3
2007,47029,26.6
2007,47031,14.2
2007,47033,18
2007,47035,17
2007,47037,15.2
2007,47039,18.7
2007,47041,17.3
2007,47043,12.4
2007,47045,16.7
2007,47047,13.6
2007,47049,25
2007,47051,11.8
2007,47053,16.5
2007,47055,15
2007,47057,19.4
2007,47059,19.7
2007,47061,27
2007,47063,16.9
2007,47065,13.5
2007,47067,32.2
2007,47069,21.8
2007,47071,23
2007,47073,16.4
2007,47075,22.4
2007,47077,15.3
2007,47079,15.1
2007,47081,17.7
2007,47083,18.3
2007,47085,14.7
2007,47087,21.8
2007,47089,17.4
2007,47091,21.9
2007,47093,12.8
2007,47095,39.2
2007,47097,26.8
2007,47099,16.2
2007,47101,17.9
2007,47103,13.9
2007,47105,11.1
2007,47107,18.1
2007,47109,19.1
2007,47111,18.6
2007,47113,18.8
2007,47115,14
2007,47117,13.3
2007,47119,12.9
2007,47121,20.9
2007,47123,17.2
2007,47125,12.7
2007,47127,11.4
2007,47129,21.4
2007,47131,15.9
2007,47133,20
2007,47135,18.2
2007,47137,18.2
2007,47139,15.4
2007,47141,21.6
2007,47143,18
2007,47145,16
2007,47147,11.6
2007,47149,11.8
2007,47151,21.1
2007,47153,18.8
2007,47155,12.7
2007,47157,20.1
2007,47159,13.5
2007,47161,13.6
2007,47163,15
2007,47165,9.4
2007,47167,16.5
2007,47169,15.2
2007,47171,16.3
2007,47173,21.7
2007,47175,19.2
2007,47177,16.6
2007,47179,17.3
2007,47181,20.5
2007,47183,18.9
2007,47185,18.7
2007,47187,5
2007,47189,7.2
2007,48000,16.3
2007,48001,18.9
2007,48003,15.3
2007,48005,19.3
2007,48007,18.2
2007,48009,8.1
2007,48011,9.5
2007,48013,18.1
2007,48015,10.9
2007,48017,19.8
2007,48019,13.4
2007,48021,12.6
2007,48023,18.1
2007,48025,22.5
2007,48027,13.6
2007,48029,16.4
2007,48031,10.6
2007,48033,8
2007,48035,19.6
2007,48037,17.9
2007,48039,9.8
2007,48041,26.2
2007,48043,17.3
2007,48045,15.5
2007,48047,30.2
2007,48049,18.9
2007,48051,15.6
2007,48053,10
2007,48055,16.7
2007,48057,15.7
2007,48059,13.3
2007,48061,34.3
2007,48063,17.5
2007,48065,8.5
2007,48067,19.3
2007,48069,20.1
2007,48071,8.6
2007,48073,18.6
2007,48075,23.8
2007,48077,12
2007,48079,24.2
2007,48081,13.9
2007,48083,22
2007,48085,6.2
2007,48087,19.5
2007,48089,14.9
2007,48091,9.8
2007,48093,17.6
2007,48095,23.7
2007,48097,13.8
2007,48099,15.3
2007,48101,21
2007,48103,10.4
2007,48105,15
2007,48107,24.1
2007,48109,24.3
2007,48111,13.2
2007,48113,16.9
2007,48115,25.5
2007,48117,20.8
2007,48119,17.7
2007,48121,7.1
2007,48123,19.4
2007,48125,23.8
2007,48127,32.7
2007,48129,16.6
2007,48131,26.9
2007,48133,18.5
2007,48135,15.5
2007,48137,24.8
2007,48139,10.7
2007,48141,28.4
2007,48143,15.8
2007,48145,27.7
2007,48147,16.5
2007,48149,12.4
2007,48151,16.1
2007,48153,22
2007,48155,18.1
2007,48157,8.4
2007,48159,14.4
2007,48161,13.6
2007,48163,28.9
2007,48165,18.3
2007,48167,12.4
2007,48169,21
2007,48171,9.9
2007,48173,10.3
2007,48175,15.8
2007,48177,18.6
2007,48179,15.1
2007,48181,12.6
2007,48183,16.2
2007,48185,16.8
2007,48187,9.6
2007,48189,18
2007,48191,26.3
2007,48193,14.6
2007,48195,13.5
2007,48197,16.8
2007,48199,11.2
2007,48201,16.3
2007,48203,16.5
2007,48205,10.8
2007,48207,21
2007,48209,13.7
2007,48211,9.1
2007,48213,15.5
2007,48215,34
2007,48217,16.9
2007,48219,17.1
2007,48221,10.7
2007,48223,14.6
2007,48225,24
2007,48227,25.9
2007,48229,32.4
2007,48231,16.4
2007,48233,13.6
2007,48235,8.1
2007,48237,13
2007,48239,14.6
2007,48241,20.8
2007,48243,13.1
2007,48245,17.1
2007,48247,22.8
2007,48249,22.1
2007,48251,11.3
2007,48253,20.6
2007,48255,26.5
2007,48257,11
2007,48259,8.6
2007,48261,15.9
2007,48263,9.1
2007,48265,16.4
2007,48267,17.8
2007,48269,15.2
2007,48271,21.2
2007,48273,24.4
2007,48275,20.3
2007,48277,16.2
2007,48279,19.5
2007,48281,13.6
2007,48283,28.8
2007,48285,13.2
2007,48287,12.3
2007,48289,15.4
2007,48291,14.4
2007,48293,21.3
2007,48295,14.3
2007,48297,18.1
2007,48299,12.4
2007,48301,20
2007,48303,17.4
2007,48305,20.1
2007,48307,22.8
2007,48309,19.1
2007,48311,13.9
2007,48313,21.2
2007,48315,25
2007,48317,16.9
2007,48319,14.5
2007,48321,22.5
2007,48323,29.8
2007,48325,14.8
2007,48327,21.5
2007,48329,14.4
2007,48331,17.3
2007,48333,17.2
2007,48335,24.6
2007,48337,14.9
2007,48339,9.8
2007,48341,12.5
2007,48343,17.5
2007,48345,16
2007,48347,21.1
2007,48349,18.5
2007,48351,20.4
2007,48353,21.8
2007,48355,19.1
2007,48357,12.7
2007,48359,22.1
2007,48361,13.5
2007,48363,15.9
2007,48365,13.7
2007,48367,8.6
2007,48369,15.3
2007,48371,21.8
2007,48373,17.5
2007,48375,25.3
2007,48377,24.4
2007,48379,15.6
2007,48381,9
2007,48383,9.6
2007,48385,20
2007,48387,19
2007,48389,36.5
2007,48391,16
2007,48393,6.2
2007,48395,19.7
2007,48397,5
2007,48399,19.3
2007,48401,13.1
2007,48403,16.1
2007,48405,21.8
2007,48407,17.2
2007,48409,17.4
2007,48411,19.8
2007,48413,14.7
2007,48415,17.2
2007,48417,12.3
2007,48419,18.8
2007,48421,14.1
2007,48423,14.3
2007,48425,9.2
2007,48427,32.2
2007,48429,18.5
2007,48431,12.8
2007,48433,17.5
2007,48435,14.1
2007,48437,18.6
2007,48439,12.2
2007,48441,16.2
2007,48443,20.1
2007,48445,23.1
2007,48447,14.4
2007,48449,14.6
2007,48451,15.9
2007,48453,14.6
2007,48455,18
2007,48457,18.8
2007,48459,15.7
2007,48461,15.2
2007,48463,23.9
2007,48465,25
2007,48467,14.3
2007,48469,16.2
2007,48471,24.2
2007,48473,19.9
2007,48475,15.6
2007,48477,14.3
2007,48479,30.4
2007,48481,15.7
2007,48483,12.3
2007,48485,15.6
2007,48487,15.4
2007,48489,39.9
2007,48491,6
2007,48493,11
2007,48495,15.8
2007,48497,9.7
2007,48499,11.9
2007,48501,17
2007,48503,16.8
2007,48505,33.4
2007,48507,40.7
2007,49000,9.8
2007,49001,9.5
2007,49003,8.3
2007,49005,12.9
2007,49007,15.4
2007,49009,7.5
2007,49011,6.3
2007,49013,12
2007,49015,11.4
2007,49017,10.6
2007,49019,14.8
2007,49021,19.3
2007,49023,10
2007,49025,9.4
2007,49027,12.7
2007,49029,4.2
2007,49031,16.2
2007,49033,9
2007,49035,9
2007,49037,31.6
2007,49039,14.1
2007,49041,12.6
2007,49043,5
2007,49045,6.9
2007,49047,10.8
2007,49049,11.4
2007,49051,5.9
2007,49053,8.9
2007,49055,11.4
2007,49057,10.5
2007,50000,10.1
2007,50001,9.9
2007,50003,10.7
2007,50005,13.8
2007,50007,7.8
2007,50009,13.5
2007,50011,9.8
2007,50013,8.9
2007,50015,10.5
2007,50017,10.2
2007,50019,15.7
2007,50021,11
2007,50023,10.1
2007,50025,10.7
2007,50027,9.4
2007,51000,9.9
2007,51001,16.8
2007,51003,8.5
2007,51005,11.9
2007,51007,9.1
2007,51009,12.2
2007,51011,12.6
2007,51013,6.5
2007,51015,7.2
2007,51017,8.5
2007,51019,12.95
2007,51021,13.5
2007,51023,6.2
2007,51025,21.3
2007,51027,21.7
2007,51029,19.3
2007,51031,11.6
2007,51033,9.2
2007,51035,13.9
2007,51036,10.6
2007,51037,18.1
2007,51041,5.8
2007,51043,6.3
2007,51045,10.3
2007,51047,8.3
2007,51049,14.9
2007,51051,21.3
2007,51053,11
2007,51057,12.1
2007,51059,4.9
2007,51061,5.7
2007,51063,12.9
2007,51065,7
2007,51067,11.5
2007,51069,6.6
2007,51071,11.4
2007,51073,8.4
2007,51075,8.5
2007,51077,17.6
2007,51079,7.4
2007,51081,19.9
2007,51083,18.6
2007,51085,5.1
2007,51087,8.5
2007,51089,16.1
2007,51091,12.8
2007,51093,8.3
2007,51095,5.7
2007,51097,12.1
2007,51099,6.2
2007,51101,6.3
2007,51103,12.9
2007,51105,22.9
2007,51107,3
2007,51109,9.7
2007,51111,19.3
2007,51113,9.8
2007,51115,8.1
2007,51117,16
2007,51119,12.2
2007,51121,19.9
2007,51125,11.4
2007,51127,5.3
2007,51131,20.8
2007,51133,13.6
2007,51135,19.9
2007,51137,8.6
2007,51139,12.2
2007,51141,15
2007,51143,12.1
2007,51145,5.8
2007,51147,20.3
2007,51149,9.3
2007,51153,5
2007,51155,14.1
2007,51157,7.8
2007,51159,17.7
2007,51161,6
2007,51163,10.4
2007,51165,8.3
2007,51167,18.4
2007,51169,18.1
2007,51171,9
2007,51173,17.1
2007,51175,15
2007,51177,6
2007,51179,4.2
2007,51181,11
2007,51183,20.4
2007,51185,17.8
2007,51187,9
2007,51191,14.8
2007,51193,12.4
2007,51195,21.6
2007,51197,12.2
2007,51199,4.1
2007,51510,8.3
2007,51520,18.3
2007,51530,15.4
2007,51540,23.6
2007,51550,8
2007,51570,7.4
2007,51580,14.5
2007,51590,22.8
2007,51595,18.8
2007,51600,5.5
2007,51610,3
2007,51620,18.4
2007,51630,13
2007,51640,19
2007,51650,15
2007,51660,26.7
2007,51670,15
2007,51678,20.1
2007,51680,19.4
2007,51683,8.9
2007,51685,6.2
2007,51690,20.3
2007,51700,14.7
2007,51710,17.9
2007,51720,20.6
2007,51730,19.1
2007,51735,4.7
2007,51740,15.6
2007,51750,30.9
2007,51760,22.4
2007,51770,16.9
2007,51775,8.3
2007,51790,14.9
2007,51800,10.9
2007,51810,6.6
2007,51820,15.3
2007,51830,20
2007,51840,12
2007,53000,11.4
2007,53001,18.3
2007,53003,14.1
2007,53005,10.9
2007,53007,12.6
2007,53009,11.9
2007,53011,9.5
2007,53013,14.3
2007,53015,15.4
2007,53017,12.8
2007,53019,20.9
2007,53021,15.5
2007,53023,14
2007,53025,17.1
2007,53027,14.9
2007,53029,8.4
2007,53031,10.9
2007,53033,9.9
2007,53035,8.9
2007,53037,18.6
2007,53039,15.7
2007,53041,14.2
2007,53043,11.7
2007,53045,12.2
2007,53047,23
2007,53049,16
2007,53051,15.9
2007,53053,11.1
2007,53055,9.9
2007,53057,11.9
2007,53059,11.9
2007,53061,8
2007,53063,13.1
2007,53065,16.5
2007,53067,9.5
2007,53069,9.8
2007,53071,17.4
2007,53073,15.1
2007,53075,26.7
2007,53077,19.7
2007,54000,17.1
2007,54001,23.1
2007,54003,10.1
2007,54005,18.2
2007,54007,22.3
2007,54009,12.2
2007,54011,19.3
2007,54013,22.1
2007,54015,23.8
2007,54017,17.8
2007,54019,23.9
2007,54021,22.8
2007,54023,14.9
2007,54025,17.9
2007,54027,16.3
2007,54029,12.7
2007,54031,12.9
2007,54033,18.8
2007,54035,15.7
2007,54037,8.3
2007,54039,14
2007,54041,18.7
2007,54043,25.2
2007,54045,22.2
2007,54047,34.7
2007,54049,16
2007,54051,16.6
2007,54053,17.9
2007,54055,21.8
2007,54057,15.5
2007,54059,24.9
2007,54061,16.4
2007,54063,14.8
2007,54065,10.9
2007,54067,18.9
2007,54069,16.9
2007,54071,13.8
2007,54073,13.4
2007,54075,15.7
2007,54077,16.5
2007,54079,10.2
2007,54081,16.7
2007,54083,19.1
2007,54085,17.1
2007,54087,22.8
2007,54089,24.7
2007,54091,18
2007,54093,16.4
2007,54095,18.7
2007,54097,20.3
2007,54099,20.3
2007,54101,25.2
2007,54103,16.4
2007,54105,18.7
2007,54107,16.4
2007,54109,23.5
2007,55000,10.8
2007,55001,14.4
2007,55003,17.5
2007,55005,11.9
2007,55007,11.5
2007,55009,10.3
2007,55011,8.9
2007,55013,13.2
2007,55015,5.3
2007,55017,10.2
2007,55019,11.5
2007,55021,7
2007,55023,11.7
2007,55025,10.9
2007,55027,8.3
2007,55029,7.4
2007,55031,14.6
2007,55033,14
2007,55035,13
2007,55037,11.6
2007,55039,8.4
2007,55041,16.5
2007,55043,11.7
2007,55045,7.7
2007,55047,9.1
2007,55049,8.5
2007,55051,11.6
2007,55053,13.1
2007,55055,7.1
2007,55057,11.6
2007,55059,11.8
2007,55061,7.3
2007,55063,13.2
2007,55065,9
2007,55067,11.7
2007,55069,9.9
2007,55071,8.6
2007,55073,8
2007,55075,11.2
2007,55077,10.2
2007,55078,34.1
2007,55079,18.2
2007,55081,12.8
2007,55083,9.9
2007,55085,9.8
2007,55087,6.7
2007,55089,4.5
2007,55091,10.6
2007,55093,7.3
2007,55095,8.7
2007,55097,12.1
2007,55099,11.1
2007,55101,9.2
2007,55103,11.5
2007,55105,10.7
2007,55107,14.4
2007,55109,5.3
2007,55111,9.1
2007,55113,12.3
2007,55115,10.7
2007,55117,7.9
2007,55119,11.1
2007,55121,9.5
2007,55123,13.6
2007,55125,10.5
2007,55127,9.6
2007,55129,12.4
2007,55131,5.2
2007,55133,4.1
2007,55135,8.9
2007,55137,12.6
2007,55139,9.3
2007,55141,9.1
2007,56000,9.5
2007,56001,16.2
2007,56003,9.9
2007,56005,5.9
2007,56007,10.2
2007,56009,9.4
2007,56011,7.5
2007,56013,12.7
2007,56015,14.8
2007,56017,11
2007,56019,8
2007,56021,8.2
2007,56023,7.9
2007,56025,9.9
2007,56027,12.6
2007,56029,11.5
2007,56031,12
2007,56033,8.6
2007,56035,5.3
2007,56037,7.4
2007,56039,4.9
2007,56041,9.8
2007,56043,10.2
2007,56045,8.8
